Timestamp,Message
1/10/2023 9:43,sshd[1531]: Server listening on 0.0.0.0 port 1024.
1/10/2023 9:43,sshd[1531]: Server listening on :: port 1024.
1/10/2023 9:44,sshd[3453]: Server listening on 0.0.0.0 port 1024.
1/10/2023 9:44,sshd[3453]: Server listening on :: port 1024.
1/10/2023 9:46,sshd[3456]: Failed password for invalid user admins from 10.0.0.3 port 44216 ssh2
1/10/2023 9:46,sshd[3456]: Failed password for invalid user admins from 10.0.0.3 port 44216 ssh2
1/10/2023 9:46,sshd[3456]: Failed password for invalid user admins from 10.0.0.3 port 44216 ssh2
1/10/2023 9:46,sshd[3460]: Failed password for invalid user admins from 10.0.0.3 port 48216 ssh2
1/10/2023 9:46,sshd[3460]: Failed password for invalid user admins from 10.0.0.3 port 48216 ssh2
1/10/2023 9:46,sshd[3460]: Failed password for invalid user admins from 10.0.0.3 port 48216 ssh2
1/10/2023 9:46,sshd[3462]: Failed password for invalid user admins from 10.0.0.3 port 47616 ssh2
1/10/2023 9:47,sshd[3462]: Failed password for invalid user admins from 10.0.0.3 port 47616 ssh2
1/10/2023 9:47,sshd[3462]: Failed password for invalid user admins from 10.0.0.3 port 47616 ssh2
1/10/2023 9:47,sshd[3467]: Failed password for invalid user admins from 10.0.0.3 port 39216 ssh2
1/10/2023 9:47,sshd[3467]: Failed password for invalid user admins from 10.0.0.3 port 39216 ssh2
1/10/2023 9:47,sshd[3467]: Failed password for invalid user admins from 10.0.0.3 port 39216 ssh2
1/10/2023 9:47,sshd[3470]: Failed password for invalid user admins from 10.0.0.3 port 39216 ssh2
1/10/2023 9:48,sshd[3470]: Failed password for invalid user vagrant from 10.0.0.3 port 23289 ssh2
1/10/2023 9:48,sshd[3470]: Failed password for invalid user vagrant from 10.0.0.3 port 23289 ssh2
1/10/2023 9:48,sshd[3472]: Failed password for invalid user vagrant from 10.0.0.3 port 43567 ssh2
1/10/2023 9:48,sshd[3472]: Failed password for invalid user vagrant from 10.0.0.3 port 43567 ssh2
1/10/2023 9:48,sshd[3472]: Failed password for invalid user vagrant from 10.0.0.3 port 43567 ssh2
1/10/2023 9:48,sshd[3476]: Failed password for invalid user vagrant from 10.0.0.3 port 38525 ssh2
1/10/2023 9:48,sshd[3476]: Failed password for invalid user vagrant from 10.0.0.3 port 38525 ssh2
1/10/2023 9:48,sshd[3476]: Failed password for invalid user vagrant from 10.0.0.3 port 38525 ssh2
1/10/2023 9:48,sshd[3478]: Failed password for invalid user vagrant from 10.0.0.3 port 53635 ssh2
1/10/2023 9:48,sshd[3478]: Failed password for invalid user vagrant from 10.0.0.3 port 54264 ssh2
1/10/2023 9:48,sshd[3478]: Failed password for invalid user vagrant from 10.0.0.3 port 23564 ssh2
1/10/2023 9:48,sshd[3481]: Failed password for invalid user vagrant from 10.0.0.3 port 45484 ssh2
1/10/2023 9:48,sshd[3481]: Failed password for invalid user vagrant from 10.0.0.3 port 33432 ssh2
1/10/2023 9:48,sshd[3481]: Failed password for invalid user vagrant from 10.0.0.3 port 25134 ssh2
1/10/2023 9:48,sshd[3483]: Failed password for invalid user vagrant from 10.0.0.3 port 43252 ssh2
1/10/2023 9:48,sshd[3483]: Failed password for invalid user vagrant from 10.0.0.3 port 24624 ssh2
1/10/2023 9:48,sshd[3483]: Failed password for invalid user vagrant from 10.0.0.3 port 42461 ssh2
1/10/2023 9:49,sshd[3485]: Failed password for invalid user user from 10.0.0.3 port 13553 ssh2
1/10/2023 9:49,sshd[3485]: Failed password for invalid user user from 10.0.0.3 port 24566 ssh2
1/10/2023 9:49,sshd[3485]: Failed password for invalid user user from 10.0.0.3 port 24445 ssh2
1/10/2023 9:49,sshd[3486]: Failed password for invalid user user from 10.0.0.3 port 24552 ssh2
1/10/2023 9:49,sshd[3486]: Failed password for invalid user user from 10.0.0.3 port 46642 ssh2
1/10/2023 9:49,sshd[3486]: Failed password for invalid user user from 10.0.0.3 port 24442 ssh2
1/10/2023 9:49,sshd[3488]: Failed password for invalid user user from 10.0.0.3 port 22646 ssh2
1/10/2023 9:49,sshd[3488]: Failed password for invalid user user from 10.0.0.3 port 36264 ssh2
1/10/2023 9:49,sshd[3488]: Failed password for invalid user user from 10.0.0.3 port 26244 ssh2
1/10/2023 9:49,sshd[3490]: Failed password for invalid user user from 10.0.0.3 port 26774 ssh2
1/10/2023 9:49,sshd[3490]: Failed password for invalid user user from 10.0.0.3 port 26262 ssh2
1/10/2023 9:49,sshd[3490]: Failed password for invalid user user from 10.0.0.3 port 44264 ssh2
1/10/2023 9:49,sshd[3492]: Failed password for invalid user user from 10.0.0.3 port 26272 ssh2
1/10/2023 9:49,sshd[3492]: Failed password for invalid user user from 10.0.0.3 port 44625 ssh2
1/10/2023 9:49,sshd[3492]: Failed password for invalid user root from 10.0.0.3 port 44252 ssh2
1/10/2023 9:49,sshd[3493]: Failed password for invalid user root from 10.0.0.3 port 42662 ssh2
1/10/2023 9:49,sshd[3493]: Failed password for invalid user root from 10.0.0.3 port 14216 ssh2
1/10/2023 9:49,sshd[3493]: Failed password for invalid user root from 10.0.0.3 port 14516 ssh2
1/10/2023 9:49,sshd[3495]: Failed password for invalid user root from 10.0.0.3 port 24215 ssh2
1/10/2023 9:49,sshd[3495]: Failed password for invalid user root from 10.0.0.3 port 16534 ssh2
1/10/2023 9:49,sshd[3495]: Failed password for invalid user root from 10.0.0.3 port 25563 ssh2
1/10/2023 9:50,sshd[3498]: Failed password for invalid user root from 10.0.0.3 port 36744 ssh2
1/10/2023 9:50,sshd[3498]: Failed password for invalid user root from 10.0.0.3 port 26734 ssh2
1/10/2023 9:50,sshd[3498]: Failed password for invalid user root from 10.0.0.3 port 44446 ssh2
1/10/2023 9:50,sshd[3500]: Failed password for invalid user root from 10.0.0.3 port 26235 ssh2
1/10/2023 9:50,sshd[3500]: Failed password for invalid user root from 10.0.0.3 port 26477 ssh2
1/10/2023 9:50,sshd[3500]: Failed password for invalid user root from 10.0.0.3 port 46264 ssh2
1/10/2023 9:50,sshd[3502]: Failed password for invalid user root from 10.0.0.3 port 26464 ssh2
1/10/2023 9:50,sshd[3502]: Failed password for invalid user root from 10.0.0.3 port 34466 ssh2
1/10/2023 9:50,sshd[3502]: Failed password for invalid user root from 10.0.0.3 port 15899 ssh2
1/10/2023 9:50,sshd[3504]: Failed password for invalid user root from 10.0.0.3 port 38588 ssh2
1/10/2023 9:50,sshd[3504]: Failed password for invalid user john from 10.0.0.3 port 37995 ssh2
1/10/2023 9:50,sshd[3504]: Failed password for invalid user john from 10.0.0.3 port 37895 ssh2
1/10/2023 9:50,sshd[3506]: Failed password for invalid user john from 10.0.0.3 port 35899 ssh2
1/10/2023 9:51,sshd[3506]: Failed password for invalid user john from 10.0.0.3 port 35899 ssh2
1/10/2023 9:51,sshd[3506]: Failed password for invalid user john from 10.0.0.3 port 35899 ssh2
1/10/2023 9:51,sshd[3510]: Failed password for invalid user john from 10.0.0.3 port 33333 ssh2
1/10/2023 9:51,sshd[3510]: Failed password for invalid user john from 10.0.0.3 port 23588 ssh2
1/10/2023 9:51,sshd[3510]: Failed password for invalid user john from 10.0.0.3 port 47899 ssh2
1/10/2023 9:51,sshd[3513]: Failed password for invalid user john from 10.0.0.3 port 43787 ssh2
1/10/2023 9:51,sshd[3513]: Failed password for invalid user john from 10.0.0.3 port 54678 ssh2
1/10/2023 9:51,sshd[3515]: Failed password for invalid user john from 10.0.0.3 port 32678 ssh2
1/10/2023 9:51,sshd[3515]: Failed password for invalid user john from 10.0.0.3 port 28978 ssh2
1/10/2023 9:51,sshd[3515]: Failed password for invalid user john from 10.0.0.3 port 28976 ssh2
1/10/2023 9:51,sshd[3516]: Failed password for invalid user john from 10.0.0.3 port 28996 ssh2
1/10/2023 9:51,sshd[3516]: Failed password for invalid user john from 10.0.0.3 port 23466 ssh2
1/10/2023 9:51,sshd[3516]: Failed password for invalid user john from 10.0.0.3 port 36487 ssh2
1/10/2023 9:51,sshd[3518]: Failed password for invalid user default from 10.0.0.3 port 44216 ssh2
1/10/2023 9:51,sshd[3518]: Failed password for invalid user default from 10.0.0.3 port 34674 ssh2
1/10/2023 9:51,sshd[3518]: Failed password for invalid user default from 10.0.0.3 port 26778 ssh2
1/10/2023 9:51,sshd[3519]: Failed password for invalid user default from 10.0.0.3 port 37487 ssh2
1/10/2023 9:51,sshd[3519]: Failed password for invalid user default from 10.0.0.3 port 36788 ssh2
1/10/2023 9:51,sshd[3519]: Failed password for invalid user default from 10.0.0.3 port 24788 ssh2
1/10/2023 9:51,sshd[3521]: Failed password for invalid user default from 10.0.0.3 port 25463 ssh2
1/10/2023 9:51,sshd[3521]: Failed password for invalid user default from 10.0.0.3 port 43467 ssh2
1/10/2023 9:51,sshd[3521]: Failed password for invalid user default from 10.0.0.3 port 42566 ssh2
1/10/2023 9:51,sshd[3523]: Failed password for invalid user default from 10.0.0.3 port 27548 ssh2
1/10/2023 9:51,sshd[3523]: Failed password for invalid user default from 10.0.0.3 port 37457 ssh2
1/10/2023 9:51,sshd[3523]: Failed password for invalid user default from 10.0.0.3 port 67744 ssh2
1/10/2023 9:51,sshd[3524]: Failed password for invalid user default from 10.0.0.3 port 43678 ssh2
1/10/2023 9:51,sshd[3524]: Failed password for invalid user default from 10.0.0.3 port 36786 ssh2
1/10/2023 9:51,sshd[3524]: Failed password for invalid user default from 10.0.0.3 port 37335 ssh2
1/10/2023 9:51,sshd[3526]: Failed password for invalid user default from 10.0.0.3 port 36377 ssh2
1/10/2023 9:51,sshd[3526]: Failed password for invalid user www-data from 10.0.0.3 port 43848 ssh2
1/10/2023 9:52,sshd[3526]: Failed password for invalid user www-data from 10.0.0.3 port 48886 ssh2
1/10/2023 9:52,sshd[3530]: Failed password for invalid user www-data from 10.0.0.3 port 44338 ssh2
1/10/2023 9:52,sshd[3530]: Failed password for invalid user www-data from 10.0.0.3 port 44864 ssh2
1/10/2023 9:52,sshd[3530]: Failed password for invalid user www-data from 10.0.0.3 port 22216 ssh2
1/10/2023 9:52,sshd[3532]: Failed password for invalid user www-data from 10.0.0.3 port 25216 ssh2
1/10/2023 9:52,sshd[3532]: Failed password for invalid user www-data from 10.0.0.3 port 32348 ssh2
1/10/2023 9:52,sshd[3532]: Failed password for invalid user www-data from 10.0.0.3 port 34748 ssh2
1/10/2023 9:52,sshd[3534]: Failed password for invalid user www-data from 10.0.0.3 port 35768 ssh2
1/10/2023 9:52,sshd[3534]: Failed password for invalid user www-data from 10.0.0.3 port 23478 ssh2
1/10/2023 9:52,sshd[3534]: Failed password for invalid user www-data from 10.0.0.3 port 27978 ssh2
1/10/2023 9:52,sshd[3535]: Failed password for invalid user www-data from 10.0.0.3 port 45467 ssh2
1/10/2023 9:52,sshd[3535]: Failed password for invalid user www-data from 10.0.0.3 port 54365 ssh2
1/10/2023 9:52,sshd[3535]: Failed password for invalid user www-data from 10.0.0.3 port 27699 ssh2
1/10/2023 9:52,sshd[3537]: Failed password for invalid user www-data from 10.0.0.3 port 28973 ssh2
1/10/2023 9:52,sshd[3537]: Failed password for invalid user www-data from 10.0.0.3 port 47998 ssh2
1/10/2023 9:52,sshd[3537]: Failed password for invalid user www-data from 10.0.0.3 port 35478 ssh2
1/10/2023 9:52,sshd[3539]: Failed password for invalid user www-data from 10.0.0.3 port 56966 ssh2
1/10/2023 9:52,sshd[3539]: Failed password for invalid user www-data from 10.0.0.3 port 36799 ssh2
1/10/2023 9:52,sshd[3539]: Failed password for invalid user daemon from 10.0.0.3 port 23748 ssh2
1/10/2023 9:52,sshd[3540]: Failed password for invalid user daemon from 10.0.0.3 port 23784 ssh2
1/10/2023 9:52,sshd[3540]: Failed password for invalid user daemon from 10.0.0.3 port 49753 ssh2
1/10/2023 9:52,sshd[3540]: Failed password for invalid user daemon from 10.0.0.3 port 37844 ssh2
1/10/2023 9:52,sshd[3542]: Failed password for invalid user daemon from 10.0.0.3 port 37843 ssh2
1/10/2023 9:52,sshd[3542]: Failed password for invalid user daemon from 10.0.0.3 port 36775 ssh2
1/10/2023 9:52,sshd[3542]: Failed password for invalid user daemon from 10.0.0.3 port 65443 ssh2
1/10/2023 9:52,sshd[3544]: Failed password for invalid user daemon from 10.0.0.3 port 44346 ssh2
1/10/2023 9:52,sshd[3544]: Failed password for invalid user daemon from 10.0.0.3 port 37844 ssh2
1/10/2023 9:52,sshd[3544]: Failed password for invalid user daemon from 10.0.0.3 port 43546 ssh2
1/10/2023 9:52,sshd[3545]: Failed password for invalid user daemon from 10.0.0.3 port 43577 ssh2
1/10/2023 9:52,sshd[3545]: Failed password for invalid user daemon from 10.0.0.3 port 44677 ssh2
1/10/2023 9:52,sshd[3545]: Failed password for invalid user daemon from 10.0.0.3 port 43476 ssh2
1/10/2023 9:52,sshd[3546]: Failed password for invalid user daemon from 10.0.0.3 port 43466 ssh2
1/10/2023 9:52,sshd[3546]: Failed password for invalid user daemon from 10.0.0.3 port 42245 ssh2
1/10/2023 9:52,sshd[3546]: Failed password for invalid user daemon from 10.0.0.3 port 22577 ssh2
1/10/2023 9:53,sshd[3548]: Failed password for invalid user daemon from 10.0.0.3 port 44214 ssh2
1/10/2023 9:53,sshd[3548]: Failed password for invalid user bin from 10.0.0.3 port 44236 ssh2
1/10/2023 9:53,sshd[3548]: Failed password for invalid user bin from 10.0.0.3 port 44366 ssh2
1/10/2023 9:53,sshd[3550]: Failed password for invalid user bin from 10.0.0.3 port 44376 ssh2
1/10/2023 9:53,sshd[3550]: Failed password for invalid user bin from 10.0.0.3 port 34216 ssh2
1/10/2023 9:53,sshd[3550]: Failed password for invalid user bin from 10.0.0.3 port 44257 ssh2
1/10/2023 9:53,sshd[3552]: Failed password for invalid user bin from 10.0.0.3 port 26634 ssh2
1/10/2023 9:53,sshd[3552]: Failed password for invalid user bin from 10.0.0.3 port 27744 ssh2
1/10/2023 9:53,sshd[3552]: Failed password for invalid user bin from 10.0.0.3 port 26264 ssh2
1/10/2023 9:53,sshd[3554]: Failed password for invalid user bin from 10.0.0.3 port 26463 ssh2
1/10/2023 9:53,sshd[3554]: Failed password for invalid user bin from 10.0.0.3 port 32677 ssh2
1/10/2023 9:53,sshd[3554]: Failed password for invalid user bin from 10.0.0.3 port 24675 ssh2
1/10/2023 9:53,sshd[3556]: Failed password for invalid user bin from 10.0.0.3 port 27443 ssh2
1/10/2023 9:53,sshd[3556]: Failed password for invalid user bin from 10.0.0.3 port 26743 ssh2
1/10/2023 9:53,sshd[3556]: Failed password for invalid user bin from 10.0.0.3 port 27378 ssh2
1/10/2023 9:53,sshd[3558]: Failed password for admin from 10.0.0.3 port 38490 ssh2
1/10/2023 9:53,sshd[3558]: Failed password for admin from 10.0.0.3 port 38490 ssh2
1/10/2023 9:53,sshd[3558]: Failed password for admin from 10.0.0.3 port 38490 ssh2
1/10/2023 9:53,sshd[3560]: Failed password for admin from 10.0.0.3 port 14513 ssh2
1/10/2023 9:53,sshd[3563]: Failed password for admin from 10.0.0.3 port 13151 ssh2
1/10/2023 9:53,sshd[3563]: Failed password for admin from 10.0.0.3 port 32264 ssh2
1/10/2023 9:53,sshd[3563]: Failed password for admin from 10.0.0.3 port 31642 ssh2
1/10/2023 9:53,sshd[3566]: Failed password for admin from 10.0.0.3 port 26246 ssh2
1/10/2023 9:53,sshd[3566]: Failed password for admin from 10.0.0.3 port 36646 ssh2
1/10/2023 9:53,sshd[3566]: Failed password for admin from 10.0.0.3 port 26463 ssh2
1/10/2023 9:53,sshd[3567]: Failed password for admin from 10.0.0.3 port 46333 ssh2
1/10/2023 9:53,sshd[3567]: Failed password for admin from 10.0.0.3 port 26464 ssh2
1/10/2023 9:53,sshd[3567]: Failed password for admin from 10.0.0.3 port 26464 ssh2
1/10/2023 9:53,sshd[3569]: Failed password for admin from 10.0.0.3 port 36646 ssh2
1/10/2023 9:53,sshd[3569]: Failed password for admin from 10.0.0.3 port 38448 ssh2
1/10/2023 9:53,sshd[3569]: Failed password for admin from 10.0.0.3 port 38486 ssh2
1/10/2023 9:53,sshd[3571]: Failed password for admin from 10.0.0.3 port 33757 ssh2
1/10/2023 9:53,sshd[3571]: Failed password for admin from 10.0.0.3 port 34578 ssh2
1/10/2023 9:53,sshd[3571]: Failed password for admin from 10.0.0.3 port 34723 ssh2
1/10/2023 9:53,sshd[3574]: Failed password for admin from 10.0.0.3 port 56754 ssh2
1/10/2023 9:53,sshd[3574]: Failed password for admin from 10.0.0.3 port 23636 ssh2
1/10/2023 9:53,sshd[3574]: Failed password for admin from 10.0.0.3 port 28545 ssh2
1/10/2023 9:53,sshd[3576]: Failed password for admin from 10.0.0.3 port 29784 ssh2
1/10/2023 9:53,sshd[3576]: Failed password for admin from 10.0.0.3 port 26984 ssh2
1/10/2023 9:53,sshd[3576]: Failed password for admin from 10.0.0.3 port 26896 ssh2
1/10/2023 9:53,sshd[3578]: Failed password for admin from 10.0.0.3 port 22463 ssh2
1/10/2023 9:53,sshd[3578]: Failed password for admin from 10.0.0.3 port 26788 ssh2
1/10/2023 9:53,sshd[3578]: Failed password for admin from 10.0.0.3 port 55543 ssh2
1/10/2023 9:53,sshd[3580]: Failed password for admin from 10.0.0.3 port 34556 ssh2
1/10/2023 9:53,sshd[3580]: Failed password for admin from 10.0.0.3 port 25666 ssh2
1/10/2023 9:54,sshd[3580]: Failed password for admin from 10.0.0.3 port 26677 ssh2
1/10/2023 9:54,sshd[3583]: Failed password for admin from 10.0.0.3 port 26644 ssh2
1/10/2023 9:54,sshd[3583]: error: maximum authentication attempts exceeded for admin from 10.0.0.3 port 53050 ssh2 [preauth]
1/10/2023 9:54,sshd[3583]: Disconnecting authenticating user admin 10.0.0.3 port 53050: Too many authentication failures [preauth]
1/10/2023 9:54,sshd[3585]: Failed password for admin from 10.0.0.3 port 43152 ssh2
1/10/2023 9:54,sshd[3585]: Failed password for admin from 10.0.0.3 port 26266 ssh2
1/10/2023 9:54,sshd[3585]: Failed password for admin from 10.0.0.3 port 32646 ssh2
1/10/2023 9:54,sshd[3586]: Failed password for admin from 10.0.0.3 port 32666 ssh2
1/10/2023 9:54,sshd[3586]: Failed password for admin from 10.0.0.3 port 12462 ssh2
1/10/2023 9:54,sshd[3586]: Failed password for admin from 10.0.0.3 port 33267 ssh2
1/10/2023 9:54,sshd[3588]: Failed password for admin from 10.0.0.3 port 46674 ssh2
1/10/2023 9:54,sshd[3588]: Failed password for admin from 10.0.0.3 port 32644 ssh2
1/10/2023 9:54,sshd[3588]: Failed password for admin from 10.0.0.3 port 32664 ssh2
1/10/2023 9:54,sshd[3589]: Failed password for admin from 10.0.0.3 port 35335 ssh2
1/10/2023 9:54,sshd[3589]: Failed password for admin from 10.0.0.3 port 22564 ssh2
1/10/2023 9:54,sshd[3589]: Failed password for admin from 10.0.0.3 port 33322 ssh2
1/10/2023 9:54,sshd[3590]: Failed password for admin from 10.0.0.3 port 22115 ssh2
1/10/2023 9:54,sshd[3590]: Failed password for admin from 10.0.0.3 port 13452 ssh2
1/10/2023 9:54,sshd[3590]: Failed password for admin from 10.0.0.3 port 23562 ssh2
1/10/2023 9:54,sshd[3593]: Failed password for admin from 10.0.0.3 port 26422 ssh2
1/10/2023 9:54,sshd[3593]: Failed password for admin from 10.0.0.3 port 44642 ssh2
1/10/2023 9:54,sshd[3593]: Failed password for admin from 10.0.0.3 port 32556 ssh2
1/10/2023 9:54,sshd[3596]: Failed password for admin from 10.0.0.3 port 26464 ssh2
1/10/2023 9:54,sshd[3596]: Failed password for admin from 10.0.0.3 port 26644 ssh2
1/10/2023 9:54,sshd[3596]: Failed password for admin from 10.0.0.3 port 26644 ssh2
1/10/2023 9:54,sshd[3597]: Failed password for admin from 10.0.0.3 port 64752 ssh2
1/10/2023 9:54,sshd[3597]: Failed password for admin from 10.0.0.3 port 32644 ssh2
1/10/2023 9:54,sshd[3597]: Failed password for admin from 10.0.0.3 port 32355 ssh2
1/10/2023 9:54,sshd[3598]: Failed password for admin from 10.0.0.3 port 32345 ssh2
1/10/2023 9:54,sshd[3598]: Failed password for admin from 10.0.0.3 port 31134 ssh2
1/10/2025 9:54,sshd[3598]: Accepted password for admin from 10.0.0.3 port 38484 ssh2
1/10/2025 9:54,sshd[3599]: pam_unix(sshd:session): session opened for user admin(uid=1000) by (uid=0)
1/10/2025 9:54,sshd[3599]: pam_env(sshd:session): Unable to open env file: /etc/default/locale: No such file or directory
1/10/2025 9:55,sshd[3599]: syslogin_perform_logout: logout() returned an error
1/10/2025 9:56,sshd[3599]: Received disconnect from 10.0.0.3 port 38484:11: disconnected by user
1/10/2025 9:56,sshd[3600]: Disconnected from user admin 10.0.0.3 port 38484
1/10/2025 9:56,sshd[5600]: pam_unix(sshd:session): session closed for user admin
