timestamp,log.offset,message
"Oct 26, 2022 @ 03:01:19.427","39,544","2022-10-23T16:44:54.008602Z	    8 Query	SET NAMES utf8mb4"
"Oct 26, 2022 @ 03:01:19.427","39,602","2022-10-23T16:44:54.008958Z	    8 Query	SET NAMES 'utf8mb4' COLLATE 'utf8mb4_unicode_520_ci'"
"Oct 26, 2022 @ 03:01:19.427","39,695","2022-10-23T16:44:54.009099Z	    8 Query	SELECT @@SESSION.sql_mode"
"Oct 26, 2022 @ 03:01:19.427","39,761","2022-10-23T16:44:54.009344Z	    8 Query	SET SESSION sql_mode='NO_ZERO_IN_DATE,ERROR_FOR_DIVISION_BY_ZERO,NO_ENGINE_SUBSTITUTION'"
"Oct 26, 2022 @ 03:01:19.427","39,890","2022-10-23T16:44:54.009633Z	    8 Init DB	SamuraiVan"
"Oct 26, 2022 @ 03:01:19.427","39,943","2022-10-23T16:44:54.010506Z	    8 Query	SELECT option_name, option_value FROM wp_options WHERE autoload = 'yes'"
"Oct 26, 2022 @ 03:01:19.427","40,055","2022-10-23T16:44:54.021474Z	    8 Query	SELECT option_value FROM wp_options WHERE option_name = 'WPLANG' LIMIT 1"
"Oct 26, 2022 @ 03:01:19.427","40,168","2022-10-23T16:44:54.023474Z	    8 Query	SELECT option_value FROM wp_options WHERE option_name = 'can_compress_scripts' LIMIT 1"
"Oct 26, 2022 @ 03:01:19.427","40,295","2022-10-23T16:44:54.024071Z	    8 Query	SELECT option_value FROM wp_options WHERE option_name = 'widget_recent-posts' LIMIT 1"
"Oct 26, 2022 @ 03:01:19.427","40,421","2022-10-23T16:44:54.024318Z	    8 Query	SELECT option_value FROM wp_options WHERE option_name = 'widget_recent_entries' LIMIT 1"
"Oct 26, 2022 @ 03:01:19.427","40,549","2022-10-23T16:44:54.024498Z	    8 Query	SELECT option_value FROM wp_options WHERE option_name = 'widget_recent-comments' LIMIT 1"
"Oct 26, 2022 @ 03:01:19.427","40,678","2022-10-23T16:44:54.024667Z	    8 Query	SELECT option_value FROM wp_options WHERE option_name = 'widget_recent_comments' LIMIT 1"
"Oct 26, 2022 @ 03:01:19.427","40,807","2022-10-23T16:44:54.036538Z	    8 Query	SELECT option_value FROM wp_options WHERE option_name = 'theme_switched' LIMIT 1"
"Oct 26, 2022 @ 03:01:19.427","40,928","2022-10-23T16:44:54.037462Z	    8 Query	SELECT option_value FROM wp_options WHERE option_name = 'medium_crop' LIMIT 1"
"Oct 26, 2022 @ 03:01:19.427","41,046","2022-10-23T16:44:54.037657Z	    8 Query	SELECT option_value FROM wp_options WHERE option_name = 'medium_large_crop' LIMIT 1"
"Oct 26, 2022 @ 03:01:19.427","41,170","2022-10-23T16:44:54.037816Z	    8 Query	SELECT option_value FROM wp_options WHERE option_name = 'large_crop' LIMIT 1"
"Oct 26, 2022 @ 03:01:19.427","41,287","2022-10-23T16:44:54.038386Z	    8 Query	SELECT  t.term_id"
"Oct 26, 2022 @ 03:01:19.427","41,345","			FROM wp_terms AS t  INNER JOIN wp_term_taxonomy AS tt ON t.term_id = tt.term_id"
"Oct 26, 2022 @ 03:01:19.427","41,428","			WHERE tt.taxonomy IN ('wp_theme') AND t.name IN ('twentytwentytwo')"
"Oct 26, 2022 @ 03:01:19.427","41,499","			"
"Oct 26, 2022 @ 03:01:19.427","41,503","			LIMIT 1"
"Oct 26, 2022 @ 03:01:19.427","41,514","2022-10-23T16:44:54.047670Z	    8 Query	SELECT   wp_posts.ID"
"Oct 26, 2022 @ 03:01:19.427","41,575","					FROM wp_posts "
"Oct 26, 2022 @ 03:01:19.427","41,595","					WHERE 1=1  AND ( "
"Oct 26, 2022 @ 03:01:19.427","41,618",  0 = 1
"Oct 26, 2022 @ 03:01:19.427","41,626",) AND wp_posts.post_type = 'wp_global_styles' AND ((wp_posts.post_status = 'publish'))
"Oct 26, 2022 @ 03:01:19.427","41,713","					GROUP BY wp_posts.ID"
"Oct 26, 2022 @ 03:01:19.427","41,739","					ORDER BY wp_posts.post_date DESC"
"Oct 26, 2022 @ 03:01:19.427","41,777","					LIMIT 0, 1"
"Oct 26, 2022 @ 03:01:19.427","41,793","2022-10-23T16:44:54.049117Z	    8 Query	SHOW FULL COLUMNS FROM `wp_options`"
"Oct 26, 2022 @ 03:01:19.427","41,869","2022-10-23T16:44:54.050877Z	    8 Query	UPDATE `wp_options` SET `option_value` = '1666543494.0489790439605712890625' WHERE `option_name` = '_transient_doing_cron'"
"Oct 26, 2022 @ 03:01:19.427","42,032","2022-10-23T16:44:54.055398Z	    8 Query	SELECT SQL_CALC_FOUND_ROWS  wp_posts.ID"
"Oct 26, 2022 @ 03:01:19.427","42,112","					FROM wp_posts "
"Oct 26, 2022 @ 03:01:19.427","42,132","					WHERE 1=1  AND ((wp_posts.post_type = 'post' AND (wp_posts.post_status = 'publish')))"
"Oct 26, 2022 @ 03:01:19.427","42,223","					"
"Oct 26, 2022 @ 03:01:19.427","42,229","					ORDER BY wp_posts.post_date DESC"
"Oct 26, 2022 @ 03:01:19.427","42,267","					LIMIT 0, 10"
"Oct 26, 2022 @ 03:01:19.427","42,284","2022-10-23T16:44:54.058445Z	    8 Query	SELECT FOUND_ROWS()"
"Oct 26, 2022 @ 03:01:19.427","42,344","2022-10-23T16:44:54.058611Z	    8 Query	SELECT wp_posts.* FROM wp_posts WHERE ID IN (1)"
"Oct 26, 2022 @ 03:01:19.427","42,432","2022-10-23T16:44:54.059005Z	    8 Query	SELECT DISTINCT t.term_id, tr.object_id"
"Oct 26, 2022 @ 03:01:19.427","42,512","			FROM wp_terms AS t  INNER JOIN wp_term_taxonomy AS tt ON t.term_id = tt.term_id INNER JOIN wp_term_relationships AS tr ON tr.term_taxonomy_id = tt.term_taxonomy_id"
"Oct 26, 2022 @ 03:01:19.427","42,679","			WHERE tt.taxonomy IN ('category', 'post_tag', 'post_format') AND tr.object_id IN (1)"
"Oct 26, 2022 @ 03:01:19.427","42,767","			ORDER BY t.name ASC"
"Oct 26, 2022 @ 03:01:19.427","42,790","2022-10-23T16:44:54.063035Z	    8 Query	SELECT t.*, tt.* FROM wp_terms AS t INNER JOIN wp_term_taxonomy AS tt ON t.term_id = tt.term_id WHERE t.term_id IN (1)"
"Oct 26, 2022 @ 03:01:19.427","42,949","2022-10-23T16:44:54.063347Z	    8 Query	SELECT post_id, meta_key, meta_value FROM wp_postmeta WHERE post_id IN (1) ORDER BY meta_id ASC"
"Oct 26, 2022 @ 03:01:19.427","43,085","2022-10-23T16:44:54.070118Z	    8 Query	SELECT   wp_posts.*"
"Oct 26, 2022 @ 03:01:19.427","43,145","			FROM wp_posts "
"Oct 26, 2022 @ 03:01:19.427","43,163","			WHERE 1=1  AND wp_posts.post_name IN ('front-page') AND ( "
"Oct 26, 2022 @ 03:01:19.427","43,225",  0 = 1
"Oct 26, 2022 @ 03:01:19.427","43,233",) AND wp_posts.post_type = 'wp_template' AND ((wp_posts.post_status = 'publish'))
"Oct 26, 2022 @ 03:01:19.427","43,315","			GROUP BY wp_posts.ID"
"Oct 26, 2022 @ 03:01:19.427","43,339","			ORDER BY wp_posts.post_date DESC"
"Oct 26, 2022 @ 03:01:19.427","43,375","2022-10-23T16:44:54.073151Z	    8 Query	SELECT   wp_posts.*"
"Oct 26, 2022 @ 03:01:19.427","43,435","			FROM wp_posts "
"Oct 26, 2022 @ 03:01:19.427","43,453","			WHERE 1=1  AND wp_posts.post_name IN ('front-page') AND ( "
"Oct 26, 2022 @ 03:01:19.427","43,515",  0 = 1
"Oct 26, 2022 @ 03:01:19.427","43,523",) AND wp_posts.post_type = 'wp_template' AND ((wp_posts.post_status = 'publish'))
"Oct 26, 2022 @ 03:01:19.427","43,605","			GROUP BY wp_posts.ID"
"Oct 26, 2022 @ 03:01:19.427","43,629","			ORDER BY wp_posts.post_date DESC"
"Oct 26, 2022 @ 03:01:19.427","43,665","2022-10-23T16:44:54.076139Z	    8 Query	SELECT   wp_posts.*"
"Oct 26, 2022 @ 03:01:19.427","43,725","			FROM wp_posts "
"Oct 26, 2022 @ 03:01:19.427","43,743","			WHERE 1=1  AND wp_posts.post_name IN ('home','index') AND ( "
"Oct 26, 2022 @ 03:01:19.427","43,807",  0 = 1
"Oct 26, 2022 @ 03:01:19.427","43,815",) AND wp_posts.post_type = 'wp_template' AND ((wp_posts.post_status = 'publish'))
"Oct 26, 2022 @ 03:01:19.427","43,897","			GROUP BY wp_posts.ID"
"Oct 26, 2022 @ 03:01:19.427","43,921","			ORDER BY wp_posts.post_date DESC"
"Oct 26, 2022 @ 03:01:19.427","43,957","2022-10-23T16:44:54.079137Z	    8 Query	SELECT   wp_posts.*"
"Oct 26, 2022 @ 03:01:19.427","44,017","			FROM wp_posts "
"Oct 26, 2022 @ 03:01:19.427","44,035","			WHERE 1=1  AND wp_posts.post_name IN ('home') AND ( "
"Oct 26, 2022 @ 03:01:19.427","44,091",  0 = 1
"Oct 26, 2022 @ 03:01:19.427","44,099",) AND wp_posts.post_type = 'wp_template' AND ((wp_posts.post_status = 'publish'))
"Oct 26, 2022 @ 03:01:19.427","44,181","			GROUP BY wp_posts.ID"
"Oct 26, 2022 @ 03:01:19.427","44,205","			ORDER BY wp_posts.post_date DESC"
"Oct 26, 2022 @ 03:01:19.427","44,241","2022-10-23T16:44:54.082155Z	    8 Query	SELECT  t.term_id"
"Oct 26, 2022 @ 03:01:19.427","44,299","			FROM wp_terms AS t  INNER JOIN wp_term_taxonomy AS tt ON t.term_id = tt.term_id"
"Oct 26, 2022 @ 03:01:19.427","44,382","			WHERE tt.taxonomy IN ('wp_theme') AND t.slug IN ('twentytwentytwo')"
"Oct 26, 2022 @ 03:01:19.427","44,453","			"
"Oct 26, 2022 @ 03:01:19.427","44,457","			LIMIT 1"
"Oct 26, 2022 @ 03:01:19.427","44,468","2022-10-23T16:44:54.082477Z	    8 Query	SELECT   wp_posts.ID"
"Oct 26, 2022 @ 03:01:19.427","44,529","					FROM wp_posts "
"Oct 26, 2022 @ 03:01:19.427","44,549","					WHERE 1=1  AND wp_posts.post_name IN ('header-small-dark') AND ( "
"Oct 26, 2022 @ 03:01:19.427","44,620",  0 = 1
"Oct 26, 2022 @ 03:01:19.427","44,628",) AND wp_posts.post_type = 'wp_template_part' AND ((wp_posts.post_status = 'publish'))
"Oct 26, 2022 @ 03:01:19.427","44,715","					GROUP BY wp_posts.ID"
"Oct 26, 2022 @ 03:01:19.427","44,741","					ORDER BY wp_posts.post_date DESC"
"Oct 26, 2022 @ 03:01:19.427","44,779","					LIMIT 0, 1"
"Oct 26, 2022 @ 03:01:19.427","44,795","2022-10-23T16:44:54.083077Z	    8 Query	SELECT   wp_posts.ID"
"Oct 26, 2022 @ 03:01:19.427","44,856","					FROM wp_posts "
"Oct 26, 2022 @ 03:01:19.427","44,876","					WHERE 1=1  AND wp_posts.post_name IN ('header') AND ( "
"Oct 26, 2022 @ 03:01:19.427","44,936",  0 = 1
"Oct 26, 2022 @ 03:01:19.427","44,944",) AND wp_posts.post_type = 'wp_template_part' AND ((wp_posts.post_status = 'publish'))
"Oct 26, 2022 @ 03:01:19.427","45,031","					GROUP BY wp_posts.ID"
"Oct 26, 2022 @ 03:01:19.427","45,057","					ORDER BY wp_posts.post_date DESC"
"Oct 26, 2022 @ 03:01:19.427","45,095","					LIMIT 0, 1"
"Oct 26, 2022 @ 03:01:19.427","45,111","2022-10-23T16:44:54.083404Z	    8 Query	SELECT option_value FROM wp_options WHERE option_name = 'site_logo' LIMIT 1"
"Oct 26, 2022 @ 03:01:19.427","45,227","2022-10-23T16:44:54.084281Z	    8 Query	SELECT * FROM wp_posts  WHERE (post_type = 'page' AND post_status = 'publish')     ORDER BY menu_order,wp_posts.post_title ASC"
"Oct 26, 2022 @ 03:01:19.427","45,394","2022-10-23T16:44:54.087474Z	    8 Query	SELECT * FROM wp_users WHERE ID = '1' LIMIT 1"
"Oct 26, 2022 @ 03:01:19.427","45,480","2022-10-23T16:44:54.091179Z	    8 Query	SELECT user_id, meta_key, meta_value FROM wp_usermeta WHERE user_id IN (1) ORDER BY umeta_id ASC"
"Oct 26, 2022 @ 03:01:19.427","45,617","2022-10-23T16:44:54.100731Z	    8 Query	SELECT   wp_posts.ID"
"Oct 26, 2022 @ 03:01:19.427","45,678","					FROM wp_posts "
"Oct 26, 2022 @ 03:01:19.427","45,698","					WHERE 1=1  AND wp_posts.post_name IN ('footer') AND ( "
"Oct 26, 2022 @ 03:01:19.427","45,758",  0 = 1
"Oct 26, 2022 @ 03:01:19.427","45,766",) AND wp_posts.post_type = 'wp_template_part' AND ((wp_posts.post_status = 'publish'))
"Oct 26, 2022 @ 03:01:19.427","45,853","					GROUP BY wp_posts.ID"
"Oct 26, 2022 @ 03:01:19.427","45,879","					ORDER BY wp_posts.post_date DESC"
"Oct 26, 2022 @ 03:01:19.427","45,917","					LIMIT 0, 1"
"Oct 26, 2022 @ 03:01:19.427","45,933","2022-10-23T16:44:54.103193Z	    8 Query	SELECT option_value FROM wp_options WHERE option_name = '_transient_timeout_global_styles_twentytwentytwo' LIMIT 1"
"Oct 26, 2022 @ 03:01:19.427","46,088","2022-10-23T16:44:54.103390Z	    8 Query	SELECT autoload FROM wp_options WHERE option_name = '_transient_global_styles_twentytwentytwo'"
"Oct 26, 2022 @ 03:01:19.427","46,223","2022-10-23T16:44:54.103587Z	    8 Query	DELETE FROM `wp_options` WHERE `option_name` = '_transient_global_styles_twentytwentytwo'"
"Oct 26, 2022 @ 03:01:19.427","46,353","2022-10-23T16:44:54.108732Z	    8 Query	SELECT autoload FROM wp_options WHERE option_name = '_transient_timeout_global_styles_twentytwentytwo'"
"Oct 26, 2022 @ 03:01:19.427","46,496","2022-10-23T16:44:54.108995Z	    8 Query	DELETE FROM `wp_options` WHERE `option_name` = '_transient_timeout_global_styles_twentytwentytwo'"
"Oct 26, 2022 @ 03:01:19.427","46,634","2022-10-23T16:44:54.114221Z	    8 Query	SELECT option_value FROM wp_options WHERE option_name = '_transient_global_styles_twentytwentytwo' LIMIT 1"
"Oct 26, 2022 @ 03:01:19.427","46,781","2022-10-23T16:44:54.114477Z	    8 Query	SELECT option_value FROM wp_options WHERE option_name = '_transient_timeout_global_styles_twentytwentytwo' LIMIT 1"
"Oct 26, 2022 @ 03:01:19.427","46,936","2022-10-23T16:44:54.114618Z	    8 Query	INSERT INTO `wp_options` (`option_name`, `option_value`, `autoload`) VALUES ('_transient_timeout_global_styles_twentytwentytwo', '1666543554', 'no') ON DUPLICATE KEY UPDATE `option_name` = VALUES(`option_name`), `option_value` = VALUES(`option_value`), `autoload` = VALUES(`autoload`)"
"Oct 26, 2022 @ 03:01:19.427","47,261","2022-10-23T16:44:54.119136Z	    8 Query	INSERT INTO `wp_options` (`option_name`, `option_value`, `autoload`) VALUES ('_transient_global_styles_twentytwentytwo', 'body{--wp--preset--color--black: #000000;--wp--preset--color--cyan-bluish-gray: #abb8c3;--wp--preset--color--white: #ffffff;--wp--preset--color--pale-pink: #f78da7;--wp--preset--color--vivid-red: #cf2e2e;--wp--preset--color--luminous-vivid-orange: #ff6900;--wp--preset--color--luminous-vivid-amber: #fcb900;--wp--preset--color--light-green-cyan: #7bdcb5;--wp--preset--color--vivid-green-cyan: #00d084;--wp--preset--color--pale-cyan-blue: #8ed1fc;--wp--preset--color--vivid-cyan-blue: #0693e3;--wp--preset--color--vivid-purple: #9b51e0;--wp--preset--color--foreground: #000000;--wp--preset--color--background: #ffffff;--wp--preset--color--primary: #1a4548;--wp--preset--color--secondary: #ffe2c7;--wp--preset--color--tertiary: #F6F6F6;--wp--preset--gradient--vivid-cyan-blue-to-vivid-purple: linear-gradient(135deg,rgba(6,147,227,1) 0%,rgb(155,81,224) 100%);--wp--preset--gradient--light-green-cyan-to-vivid-green-cyan: linear-gradient(135deg,rgb(122,220,180) 0%,rgb(0,208,130) 100%);--wp--preset--gradient--luminous-vivid-amber-to-luminous-vivid-orange: linear-gradient(135deg,rgba(252,185,0,1) 0%,rgba(255,105,0,1) 100%);--wp--preset--gradient--luminous-vivid-orange-to-vivid-red: linear-gradient(135deg,rgba(255,105,0,1) 0%,rgb(207,46,46) 100%);--wp--preset--gradient--very-light-gray-to-cyan-bluish-gray: linear-gradient(135deg,rgb(238,238,238) 0%,rgb(169,184,195) 100%);--wp--preset--gradient--cool-to-warm-spectrum: linear-gradient(135deg,rgb(74,234,220) 0%,rgb(151,120,209) 20%,rgb(207,42,186) 40%,rgb(238,44,130) 60%,rgb(251,105,98) 80%,rgb(254,248,76) 100%);--wp--preset--gradient--blush-light-purple: linear-gradient(135deg,rgb(255,206,236) 0%,rgb(152,150,240) 100%);--wp--preset--gradient--blush-bordeaux: linear-gradient(135deg,rgb(254,205,165) 0%,rgb(254,45,45) 50%,rgb(107,0,62) 100%);--wp--preset--gradient--luminous-dusk: linear-gradient(135deg,rgb(255,203,112) 0%,rgb(199,81,192) 50%,rgb(65,88,208) 100%);--wp--preset--gradient--pale-ocean: linear-gradient(135deg,rgb(255,245,203) 0%,rgb(182,227,212) 50%,rgb(51,167,181) 100%);--wp--preset--gradient--electric-grass: linear-gradient(135deg,rgb(202,248,128) 0%,rgb(113,206,126) 100%);--wp--preset--gradient--midnight: linear-gradient(135deg,rgb(2,3,129) 0%,rgb(40,116,252) 100%);--wp--preset--gradient--vertical-secondary-to-tertiary: linear-gradient(to bottom,var(--wp--preset--color--secondary) 0%,var(--wp--preset--color--tertiary) 100%);--wp--preset--gradient--vertical-secondary-to-background: linear-gradient(to bottom,var(--wp--preset--color--secondary) 0%,var(--wp--preset--color--background) 100%);--wp--preset--gradient--vertical-tertiary-to-background: linear-gradient(to bottom,var(--wp--preset--color--tertiary) 0%,var(--wp--preset--color--background) 100%);--wp--preset--gradient--diagonal-primary-to-foreground: linear-gradient(to bottom right,var(--wp--preset--color--primary) 0%,var(--wp--preset--color--foreground) 100%);--wp--preset--gradient--diagonal-secondary-to-background: linear-gradient(to bottom right,var(--wp--preset--color--secondary) 50%,var(--wp--preset--color--background) 50%);--wp--preset--gradient--diagonal-background-to-secondary: linear-gradient(to bottom right,var(--wp--preset--color--background) 50%,var(--wp--preset--color--secondary) 50%);--wp--preset--gradient--diagonal-tertiary-to-background: linear-gradient(to bottom right,var(--wp--preset--color--tertiary) 50%,var(--wp--preset--color--background) 50%);--wp--preset--gradient--diagonal-background-to-tertiary: linear-gradient(to bottom right,var(--wp--preset--color--background) 50%,var(--wp--preset--color--tertiary) 50%);--wp--preset--duotone--dark-grayscale: url(\'#wp-duotone-dark-grayscale\');--wp--preset--duotone--grayscale: url(\'#wp-duotone-grayscale\');--wp--preset--duotone--purple-yellow: url(\'#wp-duotone-purple-yellow\');--wp--preset--duotone--blue-red: url(\'#wp-duotone-blue-red\');--wp--preset--duotone--midnight: url(\'#wp-duotone-midnight\');--wp--preset--duotone--magenta-yellow: url(\'#wp-duotone-magenta-yellow\');--wp--preset--duotone--purple-green: url(\'#wp-duotone-purple-green\');--wp--preset--duotone--blue-orange: url(\'#wp-duotone-blue-orange\');--wp--preset--duotone--foreground-and-background: url(\'#wp-duotone-foreground-and-background\');--wp--preset--duotone--foreground-and-secondary: url(\'#wp-duotone-foreground-and-secondary\');--wp--preset--duotone--foreground-and-tertiary: url(\'#wp-duotone-foreground-and-tertiary\');--wp--preset--duotone--primary-and-background: url(\'#wp-duotone-primary-and-background\');--wp--preset--duotone--primary-and-secondary: url(\'#wp-duotone-primary-and-secondary\');--wp--preset--duotone--primary-and-tertiary: url(\'#wp-duotone-primary-and-tertiary\');--wp--preset--font-size--small: 1rem;--wp--preset--font-size--medium: 1.125rem;--wp--preset--font-size--large: 1.75rem;--wp--preset--font-size--x-large: clamp(1.75rem, 3vw, 2.25rem);--wp--preset--font-family--system-font: -apple-system,BlinkMacSystemFont,\""Segoe UI\"",Roboto,Oxygen-Sans,Ubuntu,Cantarell,\""Helvetica Neue\"",sans-serif;--wp--preset--font-family--source-serif-pro: \""Source Serif Pro\"", serif;--wp--custom--spacing--small: max(1.25rem, 5vw);--wp--custom--spacing--medium: clamp(2rem, 8vw, calc(4 * var(--wp--style--block-gap)));--wp--custom--spacing--large: clamp(4rem, 10vw, 8rem);--wp--custom--spacing--outer: var(--wp--custom--spacing--small, 1.25rem);--wp--custom--typography--font-size--huge: clamp(2.25rem, 4vw, 2.75rem);--wp--custom--typography--font-size--gigantic: clamp(2.75rem, 6vw, 3.25rem);--wp--custom--typography--font-size--colossal: clamp(3.25rem, 8vw, 6.25rem);--wp--custom--typography--line-height--tiny: 1.15;--wp--custom--typography--line-height--small: 1.2;--wp--custom--typography--line-height--medium: 1.4;--wp--custom--typography--line-height--normal: 1.6;}body { margin: 0; }body{background-color: var(--wp--preset--color--background);color: var(--wp--preset--color--foreground);font-family: var(--wp--preset--font-family--system-font);font-size: var(--wp--preset--font-size--medium);line-height: var(--wp--custom--typography--line-height--normal);--wp--style--block-gap: 1.5rem;}.wp-site-blocks > .alignleft { float: left; margin-right: 2em; }.wp-site-blocks > .alignright { float: right; margin-left: 2em; }.wp-site-blocks > .aligncenter { justify-content: center; margin-left: auto; margin-right: auto; }.wp-site-blocks > * { margin-block-start: 0; margin-block-end: 0; }.wp-site-blocks > * + * { margin-block-start: var( --wp--style--block-gap ); }h1{font-family: var(--wp--preset--font-family--source-serif-pro);font-size: var(--wp--custom--typography--font-size--colossal);font-weight: 300;line-height: var(--wp--custom--typography--line-height--tiny);}h2{font-family: var(--wp--preset--font-family--source-serif-pro);font-size: var(--wp--custom--typography--font-size--gigantic);font-weight: 300;line-height: var(--wp--custom--typography--line-height--small);}h3{font-family: var(--wp--preset--font-family--source-serif-pro);font-size: var(--wp--custom--typography--font-size--huge);font-weight: 300;line-height: var(--wp--custom--typography--line-height--tiny);}h4{font-family: var(--wp--preset--font-family--source-serif-pro);font-size: var(--wp--preset--font-size--x-large);font-weight: 300;line-height: var(--wp--custom--typography--line-height--tiny);}h5{font-family: var(--wp--preset--font-family--system-font);font-size: var(--wp--preset--font-size--medium);font-weight: 700;line-height: var(--wp--custom--typography--line-height--normal);text-transform: uppercase;}h6{font-family: var(--wp--preset--font-family--system-font);font-size: var(--wp--preset--font-size--medium);font-weight: 400;line-height: var(--wp--custom--typography--line-height--normal);text-transform: uppercase;}a{color: var(--wp--preset--color--foreground);}.wp-block-button__link{background-color: var(--wp--preset--color--primary);border-radius: 0;color: var(--wp--preset--color--background);font-size: var(--wp--preset--font-size--medium);}.wp-block-post-title{font-family: var(--wp--preset--font-family--source-serif-pro);font-size: var(--wp--custom--typography--font-size--gigantic);font-weight: 300;line-height: var(--wp--custom--typography--line-height--tiny);}.wp-block-post-comments{padding-top: var(--wp--custom--spacing--small);}.wp-block-pullquote{border-width: 1px 0;}.wp-block-query-title{font-family: var(--wp--preset--font-family--source-serif-pro);font-size: var(--wp--custom--typography--font-size--gigantic);font-weight: 300;line-height: var(--wp--custom--typography--line-height--small);}.wp-block-quote{border-width: 1px;}.wp-block-site-title{font-family: var(--wp--preset--font-family--system-font);font-size: var(--wp--preset--font-size--medium);font-style: italic;font-weight: normal;line-height: var(--wp--custom--typography--line-height--normal);}.has-black-color{color: var(--wp--preset--color--black) !important;}.has-cyan-bluish-gray-color{color: var(--wp--preset--color--cyan-bluish-gray) !important;}.has-white-color{color: var(--wp--preset--color--white) !important;}.has-pale-pink-color{color: var(--wp--preset--color--pale-pink) !important;}.has-vivid-red-color{color: var(--wp--preset--color--vivid-red) !important;}.has-luminous-vivid-orange-color{color: var(--wp--preset--color--luminous-vivid-orange) !important;}.has-luminous-vivid-amber-color{color: var(--wp--preset--color--luminous-vivid-amber) !important;}.has-light-green-cyan-color{color: var(--wp--preset--color--light-green-cyan) !important;}.has-vivid-green-cyan-color{color: var(--wp--preset--color--vivid-green-cyan) !important;}.has-pale-cyan-blue-color{color: var(--wp--preset--color--pale-cyan-blue) !important;}.has-vivid-cyan-blue-color{color: var(--wp--preset--color--vivid-cyan-blue) !important;}.has-vivid-purple-color{color: var(--wp--preset--color--vivid-purple) !important;}.has-foreground-color{color: var(--wp--preset--color--foreground) !important;}.has-background-color{color: var(--wp--preset--color--background) !important;}.has-primary-color{color: var(--wp--preset--color--primary) !important;}.has-secondary-color{color: var(--wp--preset--color--secondary) !important;}.has-tertiary-color{color: var(--wp--preset--color--tertiary) !important;}.has-black-background-color{background-color: var(--wp--preset--color--black) !important;}.has-cyan-bluish-gray-background-color{background-color: var(--wp--preset--color--cyan-bluish-gray) !important;}.has-white-background-color{background-color: var(--wp--preset--color--white) !important;}.has-pale-pink-background-color{background-color: var(--wp--preset--color--pale-pink) !important;}.has-vivid-red-background-color{background-color: var(--wp--preset--color--vivid-red) !important;}.has-luminous-vivid-orange-background-color{background-color: var(--wp--preset--color--luminous-vivid-orange) !important;}.has-luminous-vivid-amber-background-color{background-color: var(--wp--preset--color--luminous-vivid-amber) !important;}.has-light-green-cyan-background-color{background-color: var(--wp--preset--color--light-green-cyan) !important;}.has-vivid-green-cyan-background-color{background-color: var(--wp--preset--color--vivid-green-cyan) !important;}.has-pale-cyan-blue-background-color{background-color: var(--wp--preset--color--pale-cyan-blue) !important;}.has-vivid-cyan-blue-background-color{background-color: var(--wp--preset--color--vivid-cyan-blue) !important;}.has-vivid-purple-background-color{background-color: var(--wp--preset--color--vivid-purple) !important;}.has-foreground-background-color{background-color: var(--wp--preset--color--foreground) !important;}.has-background-background-color{background-color: var(--wp--preset--color--background) !important;}.has-primary-background-color{background-color: var(--wp--preset--color--primary) !important;}.has-secondary-background-color{background-color: var(--wp--preset--color--secondary) !important;}.has-tertiary-background-color{background-color: var(--wp--preset--color--tertiary) !important;}.has-black-border-color{border-color: var(--wp--preset--color--black) !important;}.has-cyan-bluish-gray-border-color{border-color: var(--wp--preset--color--cyan-bluish-gray) !important;}.has-white-border-color{border-color: var(--wp--preset--color--white) !important;}.has-pale-pink-border-color{border-color: var(--wp--preset--color--pale-pink) !important;}.has-vivid-red-border-color{border-color: var(--wp--preset--color--vivid-red) !important;}.has-luminous-vivid-orange-border-color{border-color: var(--wp--preset--color--luminous-vivid-orange) !important;}.has-luminous-vivid-amber-border-color{border-color: var(--wp--preset--color--luminous-vivid-amber) !important;}.has-light-green-cyan-border-color{border-color: var(--wp--preset--color--light-green-cyan) !important;}.has-vivid-green-cyan-border-color{border-color: var(--wp--preset--color--vivid-green-cyan) !important;}.has-pale-cyan-blue-border-color{border-color: var(--wp--preset--color--pale-cyan-blue) !important;}.has-vivid-cyan-blue-border-color{border-color: var(--wp--preset--color--vivid-cyan-blue) !important;}.has-vivid-purple-border-color{border-color: var(--wp--preset--color--vivid-purple) !important;}.has-foreground-border-color{border-color: var(--wp--preset--color--foreground) !important;}.has-background-border-color{border-color: var(--wp--preset--color--background) !important;}.has-primary-border-color{border-color: var(--wp--preset--color--primary) !important;}.has-secondary-border-color{border-color: var(--wp--preset--color--secondary) !important;}.has-tertiary-border-color{border-color: var(--wp--preset--color--tertiary) !important;}.has-vivid-cyan-blue-to-vivid-purple-gradient-background{background: var(--wp--preset--gradient--vivid-cyan-blue-to-vivid-purple) !important;}.has-light-green-cyan-to-vivid-green-cyan-gradient-background{background: var(--wp--preset--gradient--light-green-cyan-to-vivid-green-cyan) !important;}.has-luminous-vivid-amber-to-luminous-vivid-orange-gradient-background{background: var(--wp--preset--gradient--luminous-vivid-amber-to-luminous-vivid-orange) !important;}.has-luminous-vivid-orange-to-vivid-red-gradient-background{background: var(--wp--preset--gradient--luminous-vivid-orange-to-vivid-red) !important;}.has-very-light-gray-to-cyan-bluish-gray-gradient-background{background: var(--wp--preset--gradient--very-light-gray-to-cyan-bluish-gray) !important;}.has-cool-to-warm-spectrum-gradient-background{background: var(--wp--preset--gradient--cool-to-warm-spectrum) !important;}.has-blush-light-purple-gradient-background{background: var(--wp--preset--gradient--blush-light-purple) !important;}.has-blush-bordeaux-gradient-background{background: var(--wp--preset--gradient--blush-bordeaux) !important;}.has-luminous-dusk-gradient-background{background: var(--wp--preset--gradient--luminous-dusk) !important;}.has-pale-ocean-gradient-background{background: var(--wp--preset--gradient--pale-ocean) !important;}.has-electric-grass-gradient-background{background: var(--wp--preset--gradient--electric-grass) !important;}.has-midnight-gradient-background{background: var(--wp--preset--gradient--midnight) !important;}.has-vertical-secondary-to-tertiary-gradient-background{background: var(--wp--preset--gradient--vertical-secondary-to-tertiary) !important;}.has-vertical-secondary-to-background-gradient-background{background: var(--wp--preset--gradient--vertical-secondary-to-background) !important;}.has-vertical-tertiary-to-background-gradient-background{background: var(--wp--preset--gradient--vertical-tertiary-to-background) !important;}.has-diagonal-primary-to-foreground-gradient-background{background: var(--wp--preset--gradient--diagonal-primary-to-foreground) !important;}.has-diagonal-secondary-to-background-gradient-background{background: var(--wp--preset--gradient--diagonal-secondary-to-background) !important;}.has-diagonal-background-to-secondary-gradient-background{background: var(--wp--preset--gradient--diagonal-background-to-secondary) !important;}.has-diagonal-tertiary-to-background-gradient-background{background: var(--wp--preset--gradient--diagonal-tertiary-to-background) !important;}.has-diagonal-background-to-tertiary-gradient-background{background: var(--wp--preset--gradient--diagonal-background-to-tertiary) !important;}.has-small-font-size{font-size: var(--wp--preset--font-size--small) !important;}.has-medium-font-size{font-size: var(--wp--preset--font-size--medium) !important;}.has-large-font-size{font-size: var(--wp--preset--font-size--large) !important;}.has-x-large-font-size{font-size: var(--wp--preset--font-size--x-large) !important;}.has-system-font-font-family{font-family: var(--wp--preset--font-family--system-font) !important;}.has-source-serif-pro-font-family{font-family: var(--wp--preset--font-family--source-serif-pro) !important;}', 'no') ON DUPLICATE KEY UPDATE `option_name` = VALUES(`option_name`), `option_value` = VALUES(`option_value`), `autoload` = VALUES(`autoload`)"
"Oct 26, 2022 @ 03:01:19.427","64,330","2022-10-23T16:44:54.130399Z	    8 Query	SELECT option_value FROM wp_options WHERE option_name = '_transient_timeout_global_styles_svg_filters_twentytwentytwo' LIMIT 1"
"Oct 26, 2022 @ 03:01:19.427","64,497","2022-10-23T16:44:54.130695Z	    8 Query	SELECT autoload FROM wp_options WHERE option_name = '_transient_global_styles_svg_filters_twentytwentytwo'"
"Oct 26, 2022 @ 03:01:19.427","64,644","2022-10-23T16:44:54.130839Z	    8 Query	DELETE FROM `wp_options` WHERE `option_name` = '_transient_global_styles_svg_filters_twentytwentytwo'"
"Oct 26, 2022 @ 03:01:19.427","64,786","2022-10-23T16:44:54.133996Z	    8 Query	SELECT autoload FROM wp_options WHERE option_name = '_transient_timeout_global_styles_svg_filters_twentytwentytwo'"
"Oct 26, 2022 @ 03:01:19.427","64,941","2022-10-23T16:44:54.134146Z	    8 Query	DELETE FROM `wp_options` WHERE `option_name` = '_transient_timeout_global_styles_svg_filters_twentytwentytwo'"
"Oct 26, 2022 @ 03:01:19.427","65,091","2022-10-23T16:44:54.139814Z	    8 Query	SELECT option_value FROM wp_options WHERE option_name = '_transient_global_styles_svg_filters_twentytwentytwo' LIMIT 1"
"Oct 26, 2022 @ 03:01:19.427","65,250","2022-10-23T16:44:54.140051Z	    8 Query	SELECT option_value FROM wp_options WHERE option_name = '_transient_timeout_global_styles_svg_filters_twentytwentytwo' LIMIT 1"
"Oct 26, 2022 @ 03:01:19.427","65,417","2022-10-23T16:44:54.140304Z	    8 Query	INSERT INTO `wp_options` (`option_name`, `option_value`, `autoload`) VALUES ('_transient_timeout_global_styles_svg_filters_twentytwentytwo', '1666543554', 'no') ON DUPLICATE KEY UPDATE `option_name` = VALUES(`option_name`), `option_value` = VALUES(`option_value`), `autoload` = VALUES(`autoload`)"
"Oct 26, 2022 @ 03:01:19.427","65,754","2022-10-23T16:44:54.143962Z	    8 Query	INSERT INTO `wp_options` (`option_name`, `option_value`, `autoload`) VALUES ('_transient_global_styles_svg_filters_twentytwentytwo', '<svg xmlns=\""http://www.w3.org/2000/svg\"" viewBox=\""0 0 0 0\"" width=\""0\"" height=\""0\"" focusable=\""false\"" role=\""none\"" style=\""visibility: hidden; position: absolute; left: -9999px; overflow: hidden;\"" ><defs><filter id=\""wp-duotone-dark-grayscale\""><feColorMatrix color-interpolation-filters=\""sRGB\"" type=\""matrix\"" values=\"" .299 .587 .114 0 0 .299 .587 .114 0 0 .299 .587 .114 0 0 .299 .587 .114 0 0 \"" /><feComponentTransfer color-interpolation-filters=\""sRGB\"" ><feFuncR type=\""table\"" tableValues=\""0 0.49803921568627\"" /><feFuncG type=\""table\"" tableValues=\""0 0.49803921568627\"" /><feFuncB type=\""table\"" tableValues=\""0 0.49803921568627\"" /><feFuncA type=\""table\"" tableValues=\""1 1\"" /></feComponentTransfer><feComposite in2=\""SourceGraphic\"" operator=\""in\"" /></filter></defs></svg><svg xmlns=\""http://www.w3.org/2000/svg\"" viewBox=\""0 0 0 0\"" width=\""0\"" height=\""0\"" focusable=\""false\"" role=\""none\"" style=\""visibility: hidden; position: absolute; left: -9999px; overflow: hidden;\"" ><defs><filter id=\""wp-duotone-grayscale\""><feColorMatrix color-interpolation-filters=\""sRGB\"" type=\""matrix\"" values=\"" .299 .587 .114 0 0 .299 .587 .114 0 0 .299 .587 .114 0 0 .299 .587 .114 0 0 \"" /><feComponentTransfer color-interpolation-filters=\""sRGB\"" ><feFuncR type=\""table\"" tableValues=\""0 1\"" /><feFuncG type=\""table\"" tableValues=\""0 1\"" /><feFuncB type=\""table\"" tableValues=\""0 1\"" /><feFuncA type=\""table\"" tableValues=\""1 1\"" /></feComponentTransfer><feComposite in2=\""SourceGraphic\"" operator=\""in\"" /></filter></defs></svg><svg xmlns=\""http://www.w3.org/2000/svg\"" viewBox=\""0 0 0 0\"" width=\""0\"" height=\""0\"" focusable=\""false\"" role=\""none\"" style=\""visibility: hidden; position: absolute; left: -9999px; overflow: hidden;\"" ><defs><filter id=\""wp-duotone-purple-yellow\""><feColorMatrix color-interpolation-filters=\""sRGB\"" type=\""matrix\"" values=\"" .299 .587 .114 0 0 .299 .587 .114 0 0 .299 .587 .114 0 0 .299 .587 .114 0 0 \"" /><feComponentTransfer color-interpolation-filters=\""sRGB\"" ><feFuncR type=\""table\"" tableValues=\""0.54901960784314 0.98823529411765\"" /><feFuncG type=\""table\"" tableValues=\""0 1\"" /><feFuncB type=\""table\"" tableValues=\""0.71764705882353 0.25490196078431\"" /><feFuncA type=\""table\"" tableValues=\""1 1\"" /></feComponentTransfer><feComposite in2=\""SourceGraphic\"" operator=\""in\"" /></filter></defs></svg><svg xmlns=\""http://www.w3.org/2000/svg\"" viewBox=\""0 0 0 0\"" width=\""0\"" height=\""0\"" focusable=\""false\"" role=\""none\"" style=\""visibility: hidden; position: absolute; left: -9999px; overflow: hidden;\"" ><defs><filter id=\""wp-duotone-blue-red\""><feColorMatrix color-interpolation-filters=\""sRGB\"" type=\""matrix\"" values=\"" .299 .587 .114 0 0 .299 .587 .114 0 0 .299 .587 .114 0 0 .299 .587 .114 0 0 \"" /><feComponentTransfer color-interpolation-filters=\""sRGB\"" ><feFuncR type=\""table\"" tableValues=\""0 1\"" /><feFuncG type=\""table\"" tableValues=\""0 0.27843137254902\"" /><feFuncB type=\""table\"" tableValues=\""0.5921568627451 0.27843137254902\"" /><feFuncA type=\""table\"" tableValues=\""1 1\"" /></feComponentTransfer><feComposite in2=\""SourceGraphic\"" operator=\""in\"" /></filter></defs></svg><svg xmlns=\""http://www.w3.org/2000/svg\"" viewBox=\""0 0 0 0\"" width=\""0\"" height=\""0\"" focusable=\""false\"" role=\""none\"" style=\""visibility: hidden; position: absolute; left: -9999px; overflow: hidden;\"" ><defs><filter id=\""wp-duotone-midnight\""><feColorMatrix color-interpolation-filters=\""sRGB\"" type=\""matrix\"" values=\"" .299 .587 .114 0 0 .299 .587 .114 0 0 .299 .587 .114 0 0 .299 .587 .114 0 0 \"" /><feComponentTransfer color-interpolation-filters=\""sRGB\"" ><feFuncR type=\""table\"" tableValues=\""0 0\"" /><feFuncG type=\""table\"" tableValues=\""0 0.64705882352941\"" /><feFuncB type=\""table\"" tableValues=\""0 1\"" /><feFuncA type=\""table\"" tableValues=\""1 1\"" /></feComponentTransfer><feComposite in2=\""SourceGraphic\"" operator=\""in\"" /></filter></defs></svg><svg xmlns=\""http://www.w3.org/2000/svg\"" viewBox=\""0 0 0 0\"" width=\""0\"" height=\""0\"" focusable=\""false\"" role=\""none\"" style=\""visibility: hidden; position: absolute; left: -9999px; overflow: hidden;\"" ><defs><filter id=\""wp-duotone-magenta-yellow\""><feColorMatrix color-interpolation-filters=\""sRGB\"" type=\""matrix\"" values=\"" .299 .587 .114 0 0 .299 .587 .114 0 0 .299 .587 .114 0 0 .299 .587 .114 0 0 \"" /><feComponentTransfer color-interpolation-filters=\""sRGB\"" ><feFuncR type=\""table\"" tableValues=\""0.78039215686275 1\"" /><feFuncG type=\""table\"" tableValues=\""0 0.94901960784314\"" /><feFuncB type=\""table\"" tableValues=\""0.35294117647059 0.47058823529412\"" /><feFuncA type=\""table\"" tableValues=\""1 1\"" /></feComponentTransfer><feComposite in2=\""SourceGraphic\"" operator=\""in\"" /></filter></defs></svg><svg xmlns=\""http://www.w3.org/2000/svg\"" viewBox=\""0 0 0 0\"" width=\""0\"" height=\""0\"" focusable=\""false\"" role=\""none\"" style=\""visibility: hidden; position: absolute; left: -9999px; overflow: hidden;\"" ><defs><filter id=\""wp-duotone-purple-green\""><feColorMatrix color-interpolation-filters=\""sRGB\"" type=\""matrix\"" values=\"" .299 .587 .114 0 0 .299 .587 .114 0 0 .299 .587 .114 0 0 .299 .587 .114 0 0 \"" /><feComponentTransfer color-interpolation-filters=\""sRGB\"" ><feFuncR type=\""table\"" tableValues=\""0.65098039215686 0.40392156862745\"" /><feFuncG type=\""table\"" tableValues=\""0 1\"" /><feFuncB type=\""table\"" tableValues=\""0.44705882352941 0.4\"" /><feFuncA type=\""table\"" tableValues=\""1 1\"" /></feComponentTransfer><feComposite in2=\""SourceGraphic\"" operator=\""in\"" /></filter></defs></svg><svg xmlns=\""http://www.w3.org/2000/svg\"" viewBox=\""0 0 0 0\"" width=\""0\"" height=\""0\"" focusable=\""false\"" role=\""none\"" style=\""visibility: hidden; position: absolute; left: -9999px; overflow: hidden;\"" ><defs><filter id=\""wp-duotone-blue-orange\""><feColorMatrix color-interpolation-filters=\""sRGB\"" type=\""matrix\"" values=\"" .299 .587 .114 0 0 .299 .587 .114 0 0 .299 .587 .114 0 0 .299 .587 .114 0 0 \"" /><feComponentTransfer color-interpolation-filters=\""sRGB\"" ><feFuncR type=\""table\"" tableValues=\""0.098039215686275 1\"" /><feFuncG type=\""table\"" tableValues=\""0 0.66274509803922\"" /><feFuncB type=\""table\"" tableValues=\""0.84705882352941 0.41960784313725\"" /><feFuncA type=\""table\"" tableValues=\""1 1\"" /></feComponentTransfer><feComposite in2=\""SourceGraphic\"" operator=\""in\"" /></filter></defs></svg><svg xmlns=\""http://www.w3.org/2000/svg\"" viewBox=\""0 0 0 0\"" width=\""0\"" height=\""0\"" focusable=\""false\"" role=\""none\"" style=\""visibility: hidden; position: absolute; left: -9999px; overflow: hidden;\"" ><defs><filter id=\""wp-duotone-foreground-and-background\""><feColorMatrix color-interpolation-filters=\""sRGB\"" type=\""matrix\"" values=\"" .299 .587 .114 0 0 .299 .587 .114 0 0 .299 .587 .114 0 0 .299 .587 .114 0 0 \"" /><feComponentTransfer color-interpolation-filters=\""sRGB\"" ><feFuncR type=\""table\"" tableValues=\""0 1\"" /><feFuncG type=\""table\"" tableValues=\""0 1\"" /><feFuncB type=\""table\"" tableValues=\""0 1\"" /><feFuncA type=\""table\"" tableValues=\""1 1\"" /></feComponentTransfer><feComposite in2=\""SourceGraphic\"" operator=\""in\"" /></filter></defs></svg><svg xmlns=\""http://www.w3.org/2000/svg\"" viewBox=\""0 0 0 0\"" width=\""0\"" height=\""0\"" focusable=\""false\"" role=\""none\"" style=\""visibility: hidden; position: absolute; left: -9999px; overflow: hidden;\"" ><defs><filter id=\""wp-duotone-foreground-and-secondary\""><feColorMatrix color-interpolation-filters=\""sRGB\"" type=\""matrix\"" values=\"" .299 .587 .114 0 0 .299 .587 .114 0 0 .299 .587 .114 0 0 .299 .587 .114 0 0 \"" /><feComponentTransfer color-interpolation-filters=\""sRGB\"" ><feFuncR type=\""table\"" tableValues=\""0 1\"" /><feFuncG type=\""table\"" tableValues=\""0 0.88627450980392\"" /><feFuncB type=\""table\"" tableValues=\""0 0.78039215686275\"" /><feFuncA type=\""table\"" tableValues=\""1 1\"" /></feComponentTransfer><feComposite in2=\""SourceGraphic\"" operator=\""in\"" /></filter></defs></svg><svg xmlns=\""http://www.w3.org/2000/svg\"" viewBox=\""0 0 0 0\"" width=\""0\"" height=\""0\"" focusable=\""false\"" role=\""none\"" style=\""visibility: hidden; position: absolute; left: -9999px; overflow: hidden;\"" ><defs><filter id=\""wp-duotone-foreground-and-tertiary\""><feColorMatrix color-interpolation-filters=\""sRGB\"" type=\""matrix\"" values=\"" .299 .587 .114 0 0 .299 .587 .114 0 0 .299 .587 .114 0 0 .299 .587 .114 0 0 \"" /><feComponentTransfer color-interpolation-filters=\""sRGB\"" ><feFuncR type=\""table\"" tableValues=\""0 0.96470588235294\"" /><feFuncG type=\""table\"" tableValues=\""0 0.96470588235294\"" /><feFuncB type=\""table\"" tableValues=\""0 0.96470588235294\"" /><feFuncA type=\""table\"" tableValues=\""1 1\"" /></feComponentTransfer><feComposite in2=\""SourceGraphic\"" operator=\""in\"" /></filter></defs></svg><svg xmlns=\""http://www.w3.org/2000/svg\"" viewBox=\""0 0 0 0\"" width=\""0\"" height=\""0\"" focusable=\""false\"" role=\""none\"" style=\""visibility: hidden; position: absolute; left: -9999px; overflow: hidden;\"" ><defs><filter id=\""wp-duotone-primary-and-background\""><feColorMatrix color-interpolation-filters=\""sRGB\"" type=\""matrix\"" values=\"" .299 .587 .114 0 0 .299 .587 .114 0 0 .299 .587 .114 0 0 .299 .587 .114 0 0 \"" /><feComponentTransfer color-interpolation-filters=\""sRGB\"" ><feFuncR type=\""table\"" tableValues=\""0.10196078431373 1\"" /><feFuncG type=\""table\"" tableValues=\""0.27058823529412 1\"" /><feFuncB type=\""table\"" tableValues=\""0.28235294117647 1\"" /><feFuncA type=\""table\"" tableValues=\""1 1\"" /></feComponentTransfer><feComposite in2=\""SourceGraphic\"" operator=\""in\"" /></filter></defs></svg><svg xmlns=\""http://www.w3.org/2000/svg\"" viewBox=\""0 0 0 0\"" width=\""0\"" height=\""0\"" focusable=\""false\"" role=\""none\"" style=\""visibility: hidden; position: absolute; left: -9999px; overflow: hidden;\"" ><defs><filter id=\""wp-duotone-primary-and-secondary\""><feColorMatrix color-interpolation-filters=\""sRGB\"" type=\""matrix\"" values=\"" .299 .587 .114 0 0 .299 .587 .114 0 0 .299 .587 .114 0 0 .299 .587 .114 0 0 \"" /><feComponentTransfer color-interpolation-filters=\""sRGB\"" ><feFuncR type=\""table\"" tableValues=\""0.10196078431373 1\"" /><feFuncG type=\""table\"" tableValues=\""0.27058823529412 0.88627450980392\"" /><feFuncB type=\""table\"" tableValues=\""0.28235294117647 0.78039215686275\"" /><feFuncA type=\""table\"" tableValues=\""1 1\"" /></feComponentTransfer><feComposite in2=\""SourceGraphic\"" operator=\""in\"" /></filter></defs></svg><svg xmlns=\""http://www.w3.org/2000/svg\"" viewBox=\""0 0 0 0\"" width=\""0\"" height=\""0\"" focusable=\""false\"" role=\""none\"" style=\""visibility: hidden; position: absolute; left: -9999px; overflow: hidden;\"" ><defs><filter id=\""wp-duotone-primary-and-tertiary\""><feColorMatrix color-interpolation-filters=\""sRGB\"" type=\""matrix\"" values=\"" .299 .587 .114 0 0 .299 .587 .114 0 0 .299 .587 .114 0 0 .299 .587 .114 0 0 \"" /><feComponentTransfer color-interpolation-filters=\""sRGB\"" ><feFuncR type=\""table\"" tableValues=\""0.10196078431373 0.96470588235294\"" /><feFuncG type=\""table\"" tableValues=\""0.27058823529412 0.96470588235294\"" /><feFuncB type=\""table\"" tableValues=\""0.28235294117647 0.96470588235294\"" /><feFuncA type=\""table\"" tableValues=\""1 1\"" /></feComponentTransfer><feComposite in2=\""SourceGraphic\"" operator=\""in\"" /></filter></defs></svg>', 'no') ON DUPLICATE KEY UPDATE `option_name` = VALUES(`option_name`), `option_value` = VALUES(`option_value`), `autoload` = VALUES(`autoload`)"
"Oct 26, 2022 @ 03:01:19.427","77,232","2022-10-23T16:44:54.153287Z	    8 Quit	"
"Oct 26, 2022 @ 03:01:19.426",0,"/usr/sbin/mysqld, Version: 8.0.30-0ubuntu0.22.04.1 ((Ubuntu)). started with:"
"Oct 26, 2022 @ 03:01:19.426",77,Tcp port: 3306  Unix socket: /var/run/mysqld/mysqld.sock
"Oct 26, 2022 @ 03:01:19.426",134,Time                 Id Command    Argument
"Oct 26, 2022 @ 03:01:19.426",178,"2022-10-23T16:39:43.221613Z	    0 Execute	CREATE TABLE performance_schema.innodb_redo_log_files("
"Oct 26, 2022 @ 03:01:19.426",275,"`FILE_ID` BIGINT NOT NULL COMMENT 'Id of the file.',"
"Oct 26, 2022 @ 03:01:19.426",328,"`FILE_NAME` VARCHAR(2000) NOT NULL COMMENT 'Path to the file.',"
"Oct 26, 2022 @ 03:01:19.426",392,"`START_LSN` BIGINT NOT NULL COMMENT 'LSN of the first block in the file.',"
"Oct 26, 2022 @ 03:01:19.426",467,"`END_LSN` BIGINT NOT NULL COMMENT 'LSN after the last block in the file.',"
"Oct 26, 2022 @ 03:01:19.426",542,"`SIZE_IN_BYTES` BIGINT NOT NULL COMMENT 'Size of the file (in bytes).',"
"Oct 26, 2022 @ 03:01:19.426",614,"`IS_FULL` TINYINT NOT NULL COMMENT '1 iff file has no free space inside.',"
"Oct 26, 2022 @ 03:01:19.426",689,"`CONSUMER_LEVEL` INT NOT NULL COMMENT 'All redo log consumers registered on smaller levels than this value, have already consumed this file.'"
"Oct 26, 2022 @ 03:01:19.426",831,)engine = 'performance_schema'
"Oct 26, 2022 @ 03:01:19.426",862,"2022-10-23T16:39:45.332893Z	    8 Connect	dbAdmin@172.17.0.2 on  using TCP/IP"
"Oct 26, 2022 @ 03:01:19.426",940,"2022-10-23T16:39:45.333482Z	    8 Query	SET NAMES utf8mb4"
"Oct 26, 2022 @ 03:01:19.426",998,"2022-10-23T16:39:45.334081Z	    8 Query	SET NAMES 'utf8mb4' COLLATE 'utf8mb4_unicode_520_ci'"
"Oct 26, 2022 @ 03:01:19.426","1,091","2022-10-23T16:39:45.334309Z	    8 Query	SELECT @@SESSION.sql_mode"
"Oct 26, 2022 @ 03:01:19.426","1,157","2022-10-23T16:39:45.334569Z	    8 Query	SET SESSION sql_mode='NO_ZERO_IN_DATE,ERROR_FOR_DIVISION_BY_ZERO,NO_ENGINE_SUBSTITUTION'"
"Oct 26, 2022 @ 03:01:19.426","1,286","2022-10-23T16:39:45.334927Z	    8 Init DB	SamuraiVan"
"Oct 26, 2022 @ 03:01:19.426","1,339","2022-10-23T16:39:45.339787Z	    8 Query	SELECT option_name, option_value FROM wp_options WHERE autoload = 'yes'"
"Oct 26, 2022 @ 03:01:19.426","1,451","2022-10-23T16:39:45.683892Z	    8 Query	SELECT option_value FROM wp_options WHERE option_name = 'WPLANG' LIMIT 1"
"Oct 26, 2022 @ 03:01:19.426","1,564","2022-10-23T16:39:45.693195Z	    8 Query	SELECT option_value FROM wp_options WHERE option_name = 'can_compress_scripts' LIMIT 1"
"Oct 26, 2022 @ 03:01:19.426","1,691","2022-10-23T16:39:45.694835Z	    8 Query	SELECT option_value FROM wp_options WHERE option_name = 'widget_recent-posts' LIMIT 1"
"Oct 26, 2022 @ 03:01:19.426","1,817","2022-10-23T16:39:45.695046Z	    8 Query	SELECT option_value FROM wp_options WHERE option_name = 'widget_recent_entries' LIMIT 1"
"Oct 26, 2022 @ 03:01:19.426","1,945","2022-10-23T16:39:45.695219Z	    8 Query	SELECT option_value FROM wp_options WHERE option_name = 'widget_recent-comments' LIMIT 1"
"Oct 26, 2022 @ 03:01:19.426","2,074","2022-10-23T16:39:45.695376Z	    8 Query	SELECT option_value FROM wp_options WHERE option_name = 'widget_recent_comments' LIMIT 1"
"Oct 26, 2022 @ 03:01:19.426","2,203","2022-10-23T16:39:45.778114Z	    8 Query	SELECT option_value FROM wp_options WHERE option_name = 'theme_switched' LIMIT 1"
"Oct 26, 2022 @ 03:01:19.426","2,324","2022-10-23T16:39:45.780575Z	    8 Query	SELECT option_value FROM wp_options WHERE option_name = 'medium_crop' LIMIT 1"
"Oct 26, 2022 @ 03:01:19.426","2,442","2022-10-23T16:39:45.781088Z	    8 Query	SELECT option_value FROM wp_options WHERE option_name = 'medium_large_crop' LIMIT 1"
"Oct 26, 2022 @ 03:01:19.426","2,566","2022-10-23T16:39:45.781404Z	    8 Query	SELECT option_value FROM wp_options WHERE option_name = 'large_crop' LIMIT 1"
"Oct 26, 2022 @ 03:01:19.426","2,683","2022-10-23T16:39:45.783645Z	    8 Query	SELECT  t.term_id"
"Oct 26, 2022 @ 03:01:19.426","2,741","			FROM wp_terms AS t  INNER JOIN wp_term_taxonomy AS tt ON t.term_id = tt.term_id"
"Oct 26, 2022 @ 03:01:19.426","2,824","			WHERE tt.taxonomy IN ('wp_theme') AND t.name IN ('twentytwentytwo')"
"Oct 26, 2022 @ 03:01:19.426","2,895","			"
"Oct 26, 2022 @ 03:01:19.426","2,899","			LIMIT 1"
"Oct 26, 2022 @ 03:01:19.426","2,910","2022-10-23T16:39:45.792605Z	    8 Query	SELECT   wp_posts.ID"
"Oct 26, 2022 @ 03:01:19.426","2,971","					FROM wp_posts "
"Oct 26, 2022 @ 03:01:19.426","2,991","					WHERE 1=1  AND ( "
"Oct 26, 2022 @ 03:01:19.426","3,014",  0 = 1
"Oct 26, 2022 @ 03:01:19.426","3,022",) AND wp_posts.post_type = 'wp_global_styles' AND ((wp_posts.post_status = 'publish'))
"Oct 26, 2022 @ 03:01:19.426","3,109","					GROUP BY wp_posts.ID"
"Oct 26, 2022 @ 03:01:19.426","3,135","					ORDER BY wp_posts.post_date DESC"
"Oct 26, 2022 @ 03:01:19.426","3,173","					LIMIT 0, 1"
"Oct 26, 2022 @ 03:01:19.426","3,189","2022-10-23T16:39:45.795114Z	    8 Query	SHOW FULL COLUMNS FROM `wp_options`"
"Oct 26, 2022 @ 03:01:19.426","3,265","2022-10-23T16:39:45.798013Z	    8 Query	UPDATE `wp_options` SET `option_value` = '1666543185.7949759960174560546875' WHERE `option_name` = '_transient_doing_cron'"
"Oct 26, 2022 @ 03:01:19.426","3,428","2022-10-23T16:39:45.812395Z	    8 Query	SELECT SQL_CALC_FOUND_ROWS  wp_posts.ID"
"Oct 26, 2022 @ 03:01:19.426","3,508","					FROM wp_posts "
"Oct 26, 2022 @ 03:01:19.426","3,528","					WHERE 1=1  AND ((wp_posts.post_type = 'post' AND (wp_posts.post_status = 'publish')))"
"Oct 26, 2022 @ 03:01:19.426","3,619","					"
"Oct 26, 2022 @ 03:01:19.426","3,625","					ORDER BY wp_posts.post_date DESC"
"Oct 26, 2022 @ 03:01:19.426","3,663","					LIMIT 0, 10"
"Oct 26, 2022 @ 03:01:19.426","3,680","2022-10-23T16:39:45.816289Z	    8 Query	SELECT FOUND_ROWS()"
"Oct 26, 2022 @ 03:01:19.426","3,740","2022-10-23T16:39:45.816521Z	    8 Query	SELECT wp_posts.* FROM wp_posts WHERE ID IN (1)"
"Oct 26, 2022 @ 03:01:19.426","3,828","2022-10-23T16:39:45.817046Z	    8 Query	SELECT DISTINCT t.term_id, tr.object_id"
"Oct 26, 2022 @ 03:01:19.426","3,908","			FROM wp_terms AS t  INNER JOIN wp_term_taxonomy AS tt ON t.term_id = tt.term_id INNER JOIN wp_term_relationships AS tr ON tr.term_taxonomy_id = tt.term_taxonomy_id"
"Oct 26, 2022 @ 03:01:19.426","4,075","			WHERE tt.taxonomy IN ('category', 'post_tag', 'post_format') AND tr.object_id IN (1)"
"Oct 26, 2022 @ 03:01:19.426","4,163","			ORDER BY t.name ASC"
"Oct 26, 2022 @ 03:01:19.426","4,186","2022-10-23T16:39:45.822319Z	    8 Query	SELECT t.*, tt.* FROM wp_terms AS t INNER JOIN wp_term_taxonomy AS tt ON t.term_id = tt.term_id WHERE t.term_id IN (1)"
"Oct 26, 2022 @ 03:01:19.426","4,345","2022-10-23T16:39:45.822678Z	    8 Query	SELECT post_id, meta_key, meta_value FROM wp_postmeta WHERE post_id IN (1) ORDER BY meta_id ASC"
"Oct 26, 2022 @ 03:01:19.426","4,481","2022-10-23T16:39:45.827693Z	    8 Query	SELECT   wp_posts.*"
"Oct 26, 2022 @ 03:01:19.426","4,541","			FROM wp_posts "
"Oct 26, 2022 @ 03:01:19.426","4,559","			WHERE 1=1  AND wp_posts.post_name IN ('front-page') AND ( "
"Oct 26, 2022 @ 03:01:19.426","4,621",  0 = 1
"Oct 26, 2022 @ 03:01:19.426","4,629",) AND wp_posts.post_type = 'wp_template' AND ((wp_posts.post_status = 'publish'))
"Oct 26, 2022 @ 03:01:19.426","4,711","			GROUP BY wp_posts.ID"
"Oct 26, 2022 @ 03:01:19.426","4,735","			ORDER BY wp_posts.post_date DESC"
"Oct 26, 2022 @ 03:01:19.426","4,771","2022-10-23T16:39:45.833356Z	    8 Query	SELECT   wp_posts.*"
"Oct 26, 2022 @ 03:01:19.426","4,831","			FROM wp_posts "
"Oct 26, 2022 @ 03:01:19.426","4,849","			WHERE 1=1  AND wp_posts.post_name IN ('front-page') AND ( "
"Oct 26, 2022 @ 03:01:19.426","4,911",  0 = 1
"Oct 26, 2022 @ 03:01:19.426","4,919",) AND wp_posts.post_type = 'wp_template' AND ((wp_posts.post_status = 'publish'))
"Oct 26, 2022 @ 03:01:19.426","5,001","			GROUP BY wp_posts.ID"
"Oct 26, 2022 @ 03:01:19.426","5,025","			ORDER BY wp_posts.post_date DESC"
"Oct 26, 2022 @ 03:01:19.426","5,061","2022-10-23T16:39:45.836238Z	    8 Query	SELECT   wp_posts.*"
"Oct 26, 2022 @ 03:01:19.426","5,121","			FROM wp_posts "
"Oct 26, 2022 @ 03:01:19.426","5,139","			WHERE 1=1  AND wp_posts.post_name IN ('home','index') AND ( "
"Oct 26, 2022 @ 03:01:19.426","5,203",  0 = 1
"Oct 26, 2022 @ 03:01:19.426","5,211",) AND wp_posts.post_type = 'wp_template' AND ((wp_posts.post_status = 'publish'))
"Oct 26, 2022 @ 03:01:19.426","5,293","			GROUP BY wp_posts.ID"
"Oct 26, 2022 @ 03:01:19.426","5,317","			ORDER BY wp_posts.post_date DESC"
"Oct 26, 2022 @ 03:01:19.426","5,353","2022-10-23T16:39:45.838858Z	    8 Query	SELECT   wp_posts.*"
"Oct 26, 2022 @ 03:01:19.426","5,413","			FROM wp_posts "
"Oct 26, 2022 @ 03:01:19.426","5,431","			WHERE 1=1  AND wp_posts.post_name IN ('home') AND ( "
"Oct 26, 2022 @ 03:01:19.426","5,487",  0 = 1
"Oct 26, 2022 @ 03:01:19.426","5,495",) AND wp_posts.post_type = 'wp_template' AND ((wp_posts.post_status = 'publish'))
"Oct 26, 2022 @ 03:01:19.426","5,577","			GROUP BY wp_posts.ID"
"Oct 26, 2022 @ 03:01:19.426","5,601","			ORDER BY wp_posts.post_date DESC"
"Oct 26, 2022 @ 03:01:19.426","5,637","2022-10-23T16:39:45.842559Z	    8 Query	SELECT  t.term_id"
"Oct 26, 2022 @ 03:01:19.426","5,695","			FROM wp_terms AS t  INNER JOIN wp_term_taxonomy AS tt ON t.term_id = tt.term_id"
"Oct 26, 2022 @ 03:01:19.426","5,778","			WHERE tt.taxonomy IN ('wp_theme') AND t.slug IN ('twentytwentytwo')"
"Oct 26, 2022 @ 03:01:19.426","5,849","			"
"Oct 26, 2022 @ 03:01:19.426","5,853","			LIMIT 1"
"Oct 26, 2022 @ 03:01:19.426","5,864","2022-10-23T16:39:45.843092Z	    8 Query	SELECT   wp_posts.ID"
"Oct 26, 2022 @ 03:01:19.426","5,925","					FROM wp_posts "
"Oct 26, 2022 @ 03:01:19.426","5,945","					WHERE 1=1  AND wp_posts.post_name IN ('header-small-dark') AND ( "
"Oct 26, 2022 @ 03:01:19.426","6,016",  0 = 1
"Oct 26, 2022 @ 03:01:19.426","6,024",) AND wp_posts.post_type = 'wp_template_part' AND ((wp_posts.post_status = 'publish'))
"Oct 26, 2022 @ 03:01:19.426","6,111","					GROUP BY wp_posts.ID"
"Oct 26, 2022 @ 03:01:19.426","6,137","					ORDER BY wp_posts.post_date DESC"
"Oct 26, 2022 @ 03:01:19.426","6,175","					LIMIT 0, 1"
"Oct 26, 2022 @ 03:01:19.426","6,191","2022-10-23T16:39:45.844729Z	    8 Query	SELECT   wp_posts.ID"
"Oct 26, 2022 @ 03:01:19.426","6,252","					FROM wp_posts "
"Oct 26, 2022 @ 03:01:19.426","6,272","					WHERE 1=1  AND wp_posts.post_name IN ('header') AND ( "
"Oct 26, 2022 @ 03:01:19.426","6,332",  0 = 1
"Oct 26, 2022 @ 03:01:19.426","6,340",) AND wp_posts.post_type = 'wp_template_part' AND ((wp_posts.post_status = 'publish'))
"Oct 26, 2022 @ 03:01:19.426","6,427","					GROUP BY wp_posts.ID"
"Oct 26, 2022 @ 03:01:19.426","6,453","					ORDER BY wp_posts.post_date DESC"
"Oct 26, 2022 @ 03:01:19.426","6,491","					LIMIT 0, 1"
"Oct 26, 2022 @ 03:01:19.426","6,507","2022-10-23T16:39:45.845582Z	    8 Query	SELECT option_value FROM wp_options WHERE option_name = 'theme_mods_twentytwentytwo' LIMIT 1"
"Oct 26, 2022 @ 03:01:19.426","6,640","2022-10-23T16:39:45.845872Z	    8 Query	SELECT option_value FROM wp_options WHERE option_name = 'current_theme' LIMIT 1"
"Oct 26, 2022 @ 03:01:19.426","6,760","2022-10-23T16:39:45.846041Z	    8 Query	SELECT option_value FROM wp_options WHERE option_name = 'mods_Twenty Twenty-Two' LIMIT 1"
"Oct 26, 2022 @ 03:01:19.426","6,889","2022-10-23T16:39:45.846297Z	    8 Query	SELECT option_value FROM wp_options WHERE option_name = 'site_logo' LIMIT 1"
"Oct 26, 2022 @ 03:01:19.426","7,005","2022-10-23T16:39:45.847931Z	    8 Query	SELECT * FROM wp_posts  WHERE (post_type = 'page' AND post_status = 'publish')     ORDER BY menu_order,wp_posts.post_title ASC"
"Oct 26, 2022 @ 03:01:19.426","7,172","2022-10-23T16:39:45.852435Z	    8 Query	SELECT * FROM wp_users WHERE ID = '1' LIMIT 1"
"Oct 26, 2022 @ 03:01:19.426","7,258","2022-10-23T16:39:45.860276Z	    8 Query	SELECT user_id, meta_key, meta_value FROM wp_usermeta WHERE user_id IN (1) ORDER BY umeta_id ASC"
"Oct 26, 2022 @ 03:01:19.426","7,395","2022-10-23T16:39:45.870746Z	    8 Query	SELECT   wp_posts.ID"
"Oct 26, 2022 @ 03:01:19.426","7,456","					FROM wp_posts "
"Oct 26, 2022 @ 03:01:19.426","7,476","					WHERE 1=1  AND wp_posts.post_name IN ('footer') AND ( "
"Oct 26, 2022 @ 03:01:19.426","7,536",  0 = 1
"Oct 26, 2022 @ 03:01:19.426","7,544",) AND wp_posts.post_type = 'wp_template_part' AND ((wp_posts.post_status = 'publish'))
"Oct 26, 2022 @ 03:01:19.426","7,631","					GROUP BY wp_posts.ID"
"Oct 26, 2022 @ 03:01:19.426","7,657","					ORDER BY wp_posts.post_date DESC"
"Oct 26, 2022 @ 03:01:19.426","7,695","					LIMIT 0, 1"
"Oct 26, 2022 @ 03:01:19.426","7,711","2022-10-23T16:39:45.879746Z	    8 Query	SELECT option_value FROM wp_options WHERE option_name = '_transient_timeout_global_styles_twentytwentytwo' LIMIT 1"
"Oct 26, 2022 @ 03:01:19.426","7,866","2022-10-23T16:39:45.880033Z	    8 Query	SELECT option_value FROM wp_options WHERE option_name = '_transient_global_styles_twentytwentytwo' LIMIT 1"
"Oct 26, 2022 @ 03:01:19.426","8,013","2022-10-23T16:39:45.881356Z	    8 Query	INSERT INTO `wp_options` (`option_name`, `option_value`, `autoload`) VALUES ('_transient_timeout_global_styles_twentytwentytwo', '1666543245', 'no') ON DUPLICATE KEY UPDATE `option_name` = VALUES(`option_name`), `option_value` = VALUES(`option_value`), `autoload` = VALUES(`autoload`)"
"Oct 26, 2022 @ 03:01:19.426","8,338","2022-10-23T16:39:45.888695Z	    8 Query	INSERT INTO `wp_options` (`option_name`, `option_value`, `autoload`) VALUES ('_transient_global_styles_twentytwentytwo', 'body{--wp--preset--color--black: #000000;--wp--preset--color--cyan-bluish-gray: #abb8c3;--wp--preset--color--white: #ffffff;--wp--preset--color--pale-pink: #f78da7;--wp--preset--color--vivid-red: #cf2e2e;--wp--preset--color--luminous-vivid-orange: #ff6900;--wp--preset--color--luminous-vivid-amber: #fcb900;--wp--preset--color--light-green-cyan: #7bdcb5;--wp--preset--color--vivid-green-cyan: #00d084;--wp--preset--color--pale-cyan-blue: #8ed1fc;--wp--preset--color--vivid-cyan-blue: #0693e3;--wp--preset--color--vivid-purple: #9b51e0;--wp--preset--color--foreground: #000000;--wp--preset--color--background: #ffffff;--wp--preset--color--primary: #1a4548;--wp--preset--color--secondary: #ffe2c7;--wp--preset--color--tertiary: #F6F6F6;--wp--preset--gradient--vivid-cyan-blue-to-vivid-purple: linear-gradient(135deg,rgba(6,147,227,1) 0%,rgb(155,81,224) 100%);--wp--preset--gradient--light-green-cyan-to-vivid-green-cyan: linear-gradient(135deg,rgb(122,220,180) 0%,rgb(0,208,130) 100%);--wp--preset--gradient--luminous-vivid-amber-to-luminous-vivid-orange: linear-gradient(135deg,rgba(252,185,0,1) 0%,rgba(255,105,0,1) 100%);--wp--preset--gradient--luminous-vivid-orange-to-vivid-red: linear-gradient(135deg,rgba(255,105,0,1) 0%,rgb(207,46,46) 100%);--wp--preset--gradient--very-light-gray-to-cyan-bluish-gray: linear-gradient(135deg,rgb(238,238,238) 0%,rgb(169,184,195) 100%);--wp--preset--gradient--cool-to-warm-spectrum: linear-gradient(135deg,rgb(74,234,220) 0%,rgb(151,120,209) 20%,rgb(207,42,186) 40%,rgb(238,44,130) 60%,rgb(251,105,98) 80%,rgb(254,248,76) 100%);--wp--preset--gradient--blush-light-purple: linear-gradient(135deg,rgb(255,206,236) 0%,rgb(152,150,240) 100%);--wp--preset--gradient--blush-bordeaux: linear-gradient(135deg,rgb(254,205,165) 0%,rgb(254,45,45) 50%,rgb(107,0,62) 100%);--wp--preset--gradient--luminous-dusk: linear-gradient(135deg,rgb(255,203,112) 0%,rgb(199,81,192) 50%,rgb(65,88,208) 100%);--wp--preset--gradient--pale-ocean: linear-gradient(135deg,rgb(255,245,203) 0%,rgb(182,227,212) 50%,rgb(51,167,181) 100%);--wp--preset--gradient--electric-grass: linear-gradient(135deg,rgb(202,248,128) 0%,rgb(113,206,126) 100%);--wp--preset--gradient--midnight: linear-gradient(135deg,rgb(2,3,129) 0%,rgb(40,116,252) 100%);--wp--preset--gradient--vertical-secondary-to-tertiary: linear-gradient(to bottom,var(--wp--preset--color--secondary) 0%,var(--wp--preset--color--tertiary) 100%);--wp--preset--gradient--vertical-secondary-to-background: linear-gradient(to bottom,var(--wp--preset--color--secondary) 0%,var(--wp--preset--color--background) 100%);--wp--preset--gradient--vertical-tertiary-to-background: linear-gradient(to bottom,var(--wp--preset--color--tertiary) 0%,var(--wp--preset--color--background) 100%);--wp--preset--gradient--diagonal-primary-to-foreground: linear-gradient(to bottom right,var(--wp--preset--color--primary) 0%,var(--wp--preset--color--foreground) 100%);--wp--preset--gradient--diagonal-secondary-to-background: linear-gradient(to bottom right,var(--wp--preset--color--secondary) 50%,var(--wp--preset--color--background) 50%);--wp--preset--gradient--diagonal-background-to-secondary: linear-gradient(to bottom right,var(--wp--preset--color--background) 50%,var(--wp--preset--color--secondary) 50%);--wp--preset--gradient--diagonal-tertiary-to-background: linear-gradient(to bottom right,var(--wp--preset--color--tertiary) 50%,var(--wp--preset--color--background) 50%);--wp--preset--gradient--diagonal-background-to-tertiary: linear-gradient(to bottom right,var(--wp--preset--color--background) 50%,var(--wp--preset--color--tertiary) 50%);--wp--preset--duotone--dark-grayscale: url(\'#wp-duotone-dark-grayscale\');--wp--preset--duotone--grayscale: url(\'#wp-duotone-grayscale\');--wp--preset--duotone--purple-yellow: url(\'#wp-duotone-purple-yellow\');--wp--preset--duotone--blue-red: url(\'#wp-duotone-blue-red\');--wp--preset--duotone--midnight: url(\'#wp-duotone-midnight\');--wp--preset--duotone--magenta-yellow: url(\'#wp-duotone-magenta-yellow\');--wp--preset--duotone--purple-green: url(\'#wp-duotone-purple-green\');--wp--preset--duotone--blue-orange: url(\'#wp-duotone-blue-orange\');--wp--preset--duotone--foreground-and-background: url(\'#wp-duotone-foreground-and-background\');--wp--preset--duotone--foreground-and-secondary: url(\'#wp-duotone-foreground-and-secondary\');--wp--preset--duotone--foreground-and-tertiary: url(\'#wp-duotone-foreground-and-tertiary\');--wp--preset--duotone--primary-and-background: url(\'#wp-duotone-primary-and-background\');--wp--preset--duotone--primary-and-secondary: url(\'#wp-duotone-primary-and-secondary\');--wp--preset--duotone--primary-and-tertiary: url(\'#wp-duotone-primary-and-tertiary\');--wp--preset--font-size--small: 1rem;--wp--preset--font-size--medium: 1.125rem;--wp--preset--font-size--large: 1.75rem;--wp--preset--font-size--x-large: clamp(1.75rem, 3vw, 2.25rem);--wp--preset--font-family--system-font: -apple-system,BlinkMacSystemFont,\""Segoe UI\"",Roboto,Oxygen-Sans,Ubuntu,Cantarell,\""Helvetica Neue\"",sans-serif;--wp--preset--font-family--source-serif-pro: \""Source Serif Pro\"", serif;--wp--custom--spacing--small: max(1.25rem, 5vw);--wp--custom--spacing--medium: clamp(2rem, 8vw, calc(4 * var(--wp--style--block-gap)));--wp--custom--spacing--large: clamp(4rem, 10vw, 8rem);--wp--custom--spacing--outer: var(--wp--custom--spacing--small, 1.25rem);--wp--custom--typography--font-size--huge: clamp(2.25rem, 4vw, 2.75rem);--wp--custom--typography--font-size--gigantic: clamp(2.75rem, 6vw, 3.25rem);--wp--custom--typography--font-size--colossal: clamp(3.25rem, 8vw, 6.25rem);--wp--custom--typography--line-height--tiny: 1.15;--wp--custom--typography--line-height--small: 1.2;--wp--custom--typography--line-height--medium: 1.4;--wp--custom--typography--line-height--normal: 1.6;}body { margin: 0; }body{background-color: var(--wp--preset--color--background);color: var(--wp--preset--color--foreground);font-family: var(--wp--preset--font-family--system-font);font-size: var(--wp--preset--font-size--medium);line-height: var(--wp--custom--typography--line-height--normal);--wp--style--block-gap: 1.5rem;}.wp-site-blocks > .alignleft { float: left; margin-right: 2em; }.wp-site-blocks > .alignright { float: right; margin-left: 2em; }.wp-site-blocks > .aligncenter { justify-content: center; margin-left: auto; margin-right: auto; }.wp-site-blocks > * { margin-block-start: 0; margin-block-end: 0; }.wp-site-blocks > * + * { margin-block-start: var( --wp--style--block-gap ); }h1{font-family: var(--wp--preset--font-family--source-serif-pro);font-size: var(--wp--custom--typography--font-size--colossal);font-weight: 300;line-height: var(--wp--custom--typography--line-height--tiny);}h2{font-family: var(--wp--preset--font-family--source-serif-pro);font-size: var(--wp--custom--typography--font-size--gigantic);font-weight: 300;line-height: var(--wp--custom--typography--line-height--small);}h3{font-family: var(--wp--preset--font-family--source-serif-pro);font-size: var(--wp--custom--typography--font-size--huge);font-weight: 300;line-height: var(--wp--custom--typography--line-height--tiny);}h4{font-family: var(--wp--preset--font-family--source-serif-pro);font-size: var(--wp--preset--font-size--x-large);font-weight: 300;line-height: var(--wp--custom--typography--line-height--tiny);}h5{font-family: var(--wp--preset--font-family--system-font);font-size: var(--wp--preset--font-size--medium);font-weight: 700;line-height: var(--wp--custom--typography--line-height--normal);text-transform: uppercase;}h6{font-family: var(--wp--preset--font-family--system-font);font-size: var(--wp--preset--font-size--medium);font-weight: 400;line-height: var(--wp--custom--typography--line-height--normal);text-transform: uppercase;}a{color: var(--wp--preset--color--foreground);}.wp-block-button__link{background-color: var(--wp--preset--color--primary);border-radius: 0;color: var(--wp--preset--color--background);font-size: var(--wp--preset--font-size--medium);}.wp-block-post-title{font-family: var(--wp--preset--font-family--source-serif-pro);font-size: var(--wp--custom--typography--font-size--gigantic);font-weight: 300;line-height: var(--wp--custom--typography--line-height--tiny);}.wp-block-post-comments{padding-top: var(--wp--custom--spacing--small);}.wp-block-pullquote{border-width: 1px 0;}.wp-block-query-title{font-family: var(--wp--preset--font-family--source-serif-pro);font-size: var(--wp--custom--typography--font-size--gigantic);font-weight: 300;line-height: var(--wp--custom--typography--line-height--small);}.wp-block-quote{border-width: 1px;}.wp-block-site-title{font-family: var(--wp--preset--font-family--system-font);font-size: var(--wp--preset--font-size--medium);font-style: italic;font-weight: normal;line-height: var(--wp--custom--typography--line-height--normal);}.has-black-color{color: var(--wp--preset--color--black) !important;}.has-cyan-bluish-gray-color{color: var(--wp--preset--color--cyan-bluish-gray) !important;}.has-white-color{color: var(--wp--preset--color--white) !important;}.has-pale-pink-color{color: var(--wp--preset--color--pale-pink) !important;}.has-vivid-red-color{color: var(--wp--preset--color--vivid-red) !important;}.has-luminous-vivid-orange-color{color: var(--wp--preset--color--luminous-vivid-orange) !important;}.has-luminous-vivid-amber-color{color: var(--wp--preset--color--luminous-vivid-amber) !important;}.has-light-green-cyan-color{color: var(--wp--preset--color--light-green-cyan) !important;}.has-vivid-green-cyan-color{color: var(--wp--preset--color--vivid-green-cyan) !important;}.has-pale-cyan-blue-color{color: var(--wp--preset--color--pale-cyan-blue) !important;}.has-vivid-cyan-blue-color{color: var(--wp--preset--color--vivid-cyan-blue) !important;}.has-vivid-purple-color{color: var(--wp--preset--color--vivid-purple) !important;}.has-foreground-color{color: var(--wp--preset--color--foreground) !important;}.has-background-color{color: var(--wp--preset--color--background) !important;}.has-primary-color{color: var(--wp--preset--color--primary) !important;}.has-secondary-color{color: var(--wp--preset--color--secondary) !important;}.has-tertiary-color{color: var(--wp--preset--color--tertiary) !important;}.has-black-background-color{background-color: var(--wp--preset--color--black) !important;}.has-cyan-bluish-gray-background-color{background-color: var(--wp--preset--color--cyan-bluish-gray) !important;}.has-white-background-color{background-color: var(--wp--preset--color--white) !important;}.has-pale-pink-background-color{background-color: var(--wp--preset--color--pale-pink) !important;}.has-vivid-red-background-color{background-color: var(--wp--preset--color--vivid-red) !important;}.has-luminous-vivid-orange-background-color{background-color: var(--wp--preset--color--luminous-vivid-orange) !important;}.has-luminous-vivid-amber-background-color{background-color: var(--wp--preset--color--luminous-vivid-amber) !important;}.has-light-green-cyan-background-color{background-color: var(--wp--preset--color--light-green-cyan) !important;}.has-vivid-green-cyan-background-color{background-color: var(--wp--preset--color--vivid-green-cyan) !important;}.has-pale-cyan-blue-background-color{background-color: var(--wp--preset--color--pale-cyan-blue) !important;}.has-vivid-cyan-blue-background-color{background-color: var(--wp--preset--color--vivid-cyan-blue) !important;}.has-vivid-purple-background-color{background-color: var(--wp--preset--color--vivid-purple) !important;}.has-foreground-background-color{background-color: var(--wp--preset--color--foreground) !important;}.has-background-background-color{background-color: var(--wp--preset--color--background) !important;}.has-primary-background-color{background-color: var(--wp--preset--color--primary) !important;}.has-secondary-background-color{background-color: var(--wp--preset--color--secondary) !important;}.has-tertiary-background-color{background-color: var(--wp--preset--color--tertiary) !important;}.has-black-border-color{border-color: var(--wp--preset--color--black) !important;}.has-cyan-bluish-gray-border-color{border-color: var(--wp--preset--color--cyan-bluish-gray) !important;}.has-white-border-color{border-color: var(--wp--preset--color--white) !important;}.has-pale-pink-border-color{border-color: var(--wp--preset--color--pale-pink) !important;}.has-vivid-red-border-color{border-color: var(--wp--preset--color--vivid-red) !important;}.has-luminous-vivid-orange-border-color{border-color: var(--wp--preset--color--luminous-vivid-orange) !important;}.has-luminous-vivid-amber-border-color{border-color: var(--wp--preset--color--luminous-vivid-amber) !important;}.has-light-green-cyan-border-color{border-color: var(--wp--preset--color--light-green-cyan) !important;}.has-vivid-green-cyan-border-color{border-color: var(--wp--preset--color--vivid-green-cyan) !important;}.has-pale-cyan-blue-border-color{border-color: var(--wp--preset--color--pale-cyan-blue) !important;}.has-vivid-cyan-blue-border-color{border-color: var(--wp--preset--color--vivid-cyan-blue) !important;}.has-vivid-purple-border-color{border-color: var(--wp--preset--color--vivid-purple) !important;}.has-foreground-border-color{border-color: var(--wp--preset--color--foreground) !important;}.has-background-border-color{border-color: var(--wp--preset--color--background) !important;}.has-primary-border-color{border-color: var(--wp--preset--color--primary) !important;}.has-secondary-border-color{border-color: var(--wp--preset--color--secondary) !important;}.has-tertiary-border-color{border-color: var(--wp--preset--color--tertiary) !important;}.has-vivid-cyan-blue-to-vivid-purple-gradient-background{background: var(--wp--preset--gradient--vivid-cyan-blue-to-vivid-purple) !important;}.has-light-green-cyan-to-vivid-green-cyan-gradient-background{background: var(--wp--preset--gradient--light-green-cyan-to-vivid-green-cyan) !important;}.has-luminous-vivid-amber-to-luminous-vivid-orange-gradient-background{background: var(--wp--preset--gradient--luminous-vivid-amber-to-luminous-vivid-orange) !important;}.has-luminous-vivid-orange-to-vivid-red-gradient-background{background: var(--wp--preset--gradient--luminous-vivid-orange-to-vivid-red) !important;}.has-very-light-gray-to-cyan-bluish-gray-gradient-background{background: var(--wp--preset--gradient--very-light-gray-to-cyan-bluish-gray) !important;}.has-cool-to-warm-spectrum-gradient-background{background: var(--wp--preset--gradient--cool-to-warm-spectrum) !important;}.has-blush-light-purple-gradient-background{background: var(--wp--preset--gradient--blush-light-purple) !important;}.has-blush-bordeaux-gradient-background{background: var(--wp--preset--gradient--blush-bordeaux) !important;}.has-luminous-dusk-gradient-background{background: var(--wp--preset--gradient--luminous-dusk) !important;}.has-pale-ocean-gradient-background{background: var(--wp--preset--gradient--pale-ocean) !important;}.has-electric-grass-gradient-background{background: var(--wp--preset--gradient--electric-grass) !important;}.has-midnight-gradient-background{background: var(--wp--preset--gradient--midnight) !important;}.has-vertical-secondary-to-tertiary-gradient-background{background: var(--wp--preset--gradient--vertical-secondary-to-tertiary) !important;}.has-vertical-secondary-to-background-gradient-background{background: var(--wp--preset--gradient--vertical-secondary-to-background) !important;}.has-vertical-tertiary-to-background-gradient-background{background: var(--wp--preset--gradient--vertical-tertiary-to-background) !important;}.has-diagonal-primary-to-foreground-gradient-background{background: var(--wp--preset--gradient--diagonal-primary-to-foreground) !important;}.has-diagonal-secondary-to-background-gradient-background{background: var(--wp--preset--gradient--diagonal-secondary-to-background) !important;}.has-diagonal-background-to-secondary-gradient-background{background: var(--wp--preset--gradient--diagonal-background-to-secondary) !important;}.has-diagonal-tertiary-to-background-gradient-background{background: var(--wp--preset--gradient--diagonal-tertiary-to-background) !important;}.has-diagonal-background-to-tertiary-gradient-background{background: var(--wp--preset--gradient--diagonal-background-to-tertiary) !important;}.has-small-font-size{font-size: var(--wp--preset--font-size--small) !important;}.has-medium-font-size{font-size: var(--wp--preset--font-size--medium) !important;}.has-large-font-size{font-size: var(--wp--preset--font-size--large) !important;}.has-x-large-font-size{font-size: var(--wp--preset--font-size--x-large) !important;}.has-system-font-font-family{font-family: var(--wp--preset--font-family--system-font) !important;}.has-source-serif-pro-font-family{font-family: var(--wp--preset--font-family--source-serif-pro) !important;}', 'no') ON DUPLICATE KEY UPDATE `option_name` = VALUES(`option_name`), `option_value` = VALUES(`option_value`), `autoload` = VALUES(`autoload`)"
"Oct 26, 2022 @ 03:01:19.426","25,407","2022-10-23T16:39:45.902516Z	    8 Query	SELECT   wp_posts.*"
"Oct 26, 2022 @ 03:01:19.426","25,467","			FROM wp_posts "
"Oct 26, 2022 @ 03:01:19.426","25,485","			WHERE 1=1  AND wp_posts.post_name = 'twentytwentytwo' AND wp_posts.post_type = 'custom_css' AND ((wp_posts.post_status = 'publish' OR wp_posts.post_status = 'future' OR wp_posts.post_status = 'draft' OR wp_posts.post_status = 'pending' OR wp_posts.post_status = 'trash' OR wp_posts.post_status = 'auto-draft' OR wp_posts.post_status = 'inherit' OR wp_posts.post_status = 'request-pending' OR wp_posts.post_status = 'request-confirmed' OR wp_posts.post_status = 'request-failed' OR wp_posts.post_status = 'request-completed' OR wp_posts.post_status = 'private'))"
"Oct 26, 2022 @ 03:01:19.426","26,050","			"
"Oct 26, 2022 @ 03:01:19.426","26,054","			ORDER BY wp_posts.post_date DESC"
"Oct 26, 2022 @ 03:01:19.426","26,090","2022-10-23T16:39:45.903107Z	    8 Query	INSERT INTO `wp_options` (`option_name`, `option_value`, `autoload`) VALUES ('theme_mods_twentytwentytwo', 'a:1:{s:18:\""custom_css_post_id\"";i:-1;}', 'yes') ON DUPLICATE KEY UPDATE `option_name` = VALUES(`option_name`), `option_value` = VALUES(`option_value`), `autoload` = VALUES(`autoload`)"
"Oct 26, 2022 @ 03:01:19.426","26,423","2022-10-23T16:39:45.908223Z	    8 Query	SELECT option_value FROM wp_options WHERE option_name = '_transient_timeout_global_styles_svg_filters_twentytwentytwo' LIMIT 1"
"Oct 26, 2022 @ 03:01:19.426","26,590","2022-10-23T16:39:45.908452Z	    8 Query	SELECT option_value FROM wp_options WHERE option_name = '_transient_global_styles_svg_filters_twentytwentytwo' LIMIT 1"
"Oct 26, 2022 @ 03:01:19.426","26,749","2022-10-23T16:39:45.909464Z	    8 Query	INSERT INTO `wp_options` (`option_name`, `option_value`, `autoload`) VALUES ('_transient_timeout_global_styles_svg_filters_twentytwentytwo', '1666543245', 'no') ON DUPLICATE KEY UPDATE `option_name` = VALUES(`option_name`), `option_value` = VALUES(`option_value`), `autoload` = VALUES(`autoload`)"
"Oct 26, 2022 @ 03:01:19.426","27,086","2022-10-23T16:39:45.912611Z	    8 Query	INSERT INTO `wp_options` (`option_name`, `option_value`, `autoload`) VALUES ('_transient_global_styles_svg_filters_twentytwentytwo', '<svg xmlns=\""http://www.w3.org/2000/svg\"" viewBox=\""0 0 0 0\"" width=\""0\"" height=\""0\"" focusable=\""false\"" role=\""none\"" style=\""visibility: hidden; position: absolute; left: -9999px; overflow: hidden;\"" ><defs><filter id=\""wp-duotone-dark-grayscale\""><feColorMatrix color-interpolation-filters=\""sRGB\"" type=\""matrix\"" values=\"" .299 .587 .114 0 0 .299 .587 .114 0 0 .299 .587 .114 0 0 .299 .587 .114 0 0 \"" /><feComponentTransfer color-interpolation-filters=\""sRGB\"" ><feFuncR type=\""table\"" tableValues=\""0 0.49803921568627\"" /><feFuncG type=\""table\"" tableValues=\""0 0.49803921568627\"" /><feFuncB type=\""table\"" tableValues=\""0 0.49803921568627\"" /><feFuncA type=\""table\"" tableValues=\""1 1\"" /></feComponentTransfer><feComposite in2=\""SourceGraphic\"" operator=\""in\"" /></filter></defs></svg><svg xmlns=\""http://www.w3.org/2000/svg\"" viewBox=\""0 0 0 0\"" width=\""0\"" height=\""0\"" focusable=\""false\"" role=\""none\"" style=\""visibility: hidden; position: absolute; left: -9999px; overflow: hidden;\"" ><defs><filter id=\""wp-duotone-grayscale\""><feColorMatrix color-interpolation-filters=\""sRGB\"" type=\""matrix\"" values=\"" .299 .587 .114 0 0 .299 .587 .114 0 0 .299 .587 .114 0 0 .299 .587 .114 0 0 \"" /><feComponentTransfer color-interpolation-filters=\""sRGB\"" ><feFuncR type=\""table\"" tableValues=\""0 1\"" /><feFuncG type=\""table\"" tableValues=\""0 1\"" /><feFuncB type=\""table\"" tableValues=\""0 1\"" /><feFuncA type=\""table\"" tableValues=\""1 1\"" /></feComponentTransfer><feComposite in2=\""SourceGraphic\"" operator=\""in\"" /></filter></defs></svg><svg xmlns=\""http://www.w3.org/2000/svg\"" viewBox=\""0 0 0 0\"" width=\""0\"" height=\""0\"" focusable=\""false\"" role=\""none\"" style=\""visibility: hidden; position: absolute; left: -9999px; overflow: hidden;\"" ><defs><filter id=\""wp-duotone-purple-yellow\""><feColorMatrix color-interpolation-filters=\""sRGB\"" type=\""matrix\"" values=\"" .299 .587 .114 0 0 .299 .587 .114 0 0 .299 .587 .114 0 0 .299 .587 .114 0 0 \"" /><feComponentTransfer color-interpolation-filters=\""sRGB\"" ><feFuncR type=\""table\"" tableValues=\""0.54901960784314 0.98823529411765\"" /><feFuncG type=\""table\"" tableValues=\""0 1\"" /><feFuncB type=\""table\"" tableValues=\""0.71764705882353 0.25490196078431\"" /><feFuncA type=\""table\"" tableValues=\""1 1\"" /></feComponentTransfer><feComposite in2=\""SourceGraphic\"" operator=\""in\"" /></filter></defs></svg><svg xmlns=\""http://www.w3.org/2000/svg\"" viewBox=\""0 0 0 0\"" width=\""0\"" height=\""0\"" focusable=\""false\"" role=\""none\"" style=\""visibility: hidden; position: absolute; left: -9999px; overflow: hidden;\"" ><defs><filter id=\""wp-duotone-blue-red\""><feColorMatrix color-interpolation-filters=\""sRGB\"" type=\""matrix\"" values=\"" .299 .587 .114 0 0 .299 .587 .114 0 0 .299 .587 .114 0 0 .299 .587 .114 0 0 \"" /><feComponentTransfer color-interpolation-filters=\""sRGB\"" ><feFuncR type=\""table\"" tableValues=\""0 1\"" /><feFuncG type=\""table\"" tableValues=\""0 0.27843137254902\"" /><feFuncB type=\""table\"" tableValues=\""0.5921568627451 0.27843137254902\"" /><feFuncA type=\""table\"" tableValues=\""1 1\"" /></feComponentTransfer><feComposite in2=\""SourceGraphic\"" operator=\""in\"" /></filter></defs></svg><svg xmlns=\""http://www.w3.org/2000/svg\"" viewBox=\""0 0 0 0\"" width=\""0\"" height=\""0\"" focusable=\""false\"" role=\""none\"" style=\""visibility: hidden; position: absolute; left: -9999px; overflow: hidden;\"" ><defs><filter id=\""wp-duotone-midnight\""><feColorMatrix color-interpolation-filters=\""sRGB\"" type=\""matrix\"" values=\"" .299 .587 .114 0 0 .299 .587 .114 0 0 .299 .587 .114 0 0 .299 .587 .114 0 0 \"" /><feComponentTransfer color-interpolation-filters=\""sRGB\"" ><feFuncR type=\""table\"" tableValues=\""0 0\"" /><feFuncG type=\""table\"" tableValues=\""0 0.64705882352941\"" /><feFuncB type=\""table\"" tableValues=\""0 1\"" /><feFuncA type=\""table\"" tableValues=\""1 1\"" /></feComponentTransfer><feComposite in2=\""SourceGraphic\"" operator=\""in\"" /></filter></defs></svg><svg xmlns=\""http://www.w3.org/2000/svg\"" viewBox=\""0 0 0 0\"" width=\""0\"" height=\""0\"" focusable=\""false\"" role=\""none\"" style=\""visibility: hidden; position: absolute; left: -9999px; overflow: hidden;\"" ><defs><filter id=\""wp-duotone-magenta-yellow\""><feColorMatrix color-interpolation-filters=\""sRGB\"" type=\""matrix\"" values=\"" .299 .587 .114 0 0 .299 .587 .114 0 0 .299 .587 .114 0 0 .299 .587 .114 0 0 \"" /><feComponentTransfer color-interpolation-filters=\""sRGB\"" ><feFuncR type=\""table\"" tableValues=\""0.78039215686275 1\"" /><feFuncG type=\""table\"" tableValues=\""0 0.94901960784314\"" /><feFuncB type=\""table\"" tableValues=\""0.35294117647059 0.47058823529412\"" /><feFuncA type=\""table\"" tableValues=\""1 1\"" /></feComponentTransfer><feComposite in2=\""SourceGraphic\"" operator=\""in\"" /></filter></defs></svg><svg xmlns=\""http://www.w3.org/2000/svg\"" viewBox=\""0 0 0 0\"" width=\""0\"" height=\""0\"" focusable=\""false\"" role=\""none\"" style=\""visibility: hidden; position: absolute; left: -9999px; overflow: hidden;\"" ><defs><filter id=\""wp-duotone-purple-green\""><feColorMatrix color-interpolation-filters=\""sRGB\"" type=\""matrix\"" values=\"" .299 .587 .114 0 0 .299 .587 .114 0 0 .299 .587 .114 0 0 .299 .587 .114 0 0 \"" /><feComponentTransfer color-interpolation-filters=\""sRGB\"" ><feFuncR type=\""table\"" tableValues=\""0.65098039215686 0.40392156862745\"" /><feFuncG type=\""table\"" tableValues=\""0 1\"" /><feFuncB type=\""table\"" tableValues=\""0.44705882352941 0.4\"" /><feFuncA type=\""table\"" tableValues=\""1 1\"" /></feComponentTransfer><feComposite in2=\""SourceGraphic\"" operator=\""in\"" /></filter></defs></svg><svg xmlns=\""http://www.w3.org/2000/svg\"" viewBox=\""0 0 0 0\"" width=\""0\"" height=\""0\"" focusable=\""false\"" role=\""none\"" style=\""visibility: hidden; position: absolute; left: -9999px; overflow: hidden;\"" ><defs><filter id=\""wp-duotone-blue-orange\""><feColorMatrix color-interpolation-filters=\""sRGB\"" type=\""matrix\"" values=\"" .299 .587 .114 0 0 .299 .587 .114 0 0 .299 .587 .114 0 0 .299 .587 .114 0 0 \"" /><feComponentTransfer color-interpolation-filters=\""sRGB\"" ><feFuncR type=\""table\"" tableValues=\""0.098039215686275 1\"" /><feFuncG type=\""table\"" tableValues=\""0 0.66274509803922\"" /><feFuncB type=\""table\"" tableValues=\""0.84705882352941 0.41960784313725\"" /><feFuncA type=\""table\"" tableValues=\""1 1\"" /></feComponentTransfer><feComposite in2=\""SourceGraphic\"" operator=\""in\"" /></filter></defs></svg><svg xmlns=\""http://www.w3.org/2000/svg\"" viewBox=\""0 0 0 0\"" width=\""0\"" height=\""0\"" focusable=\""false\"" role=\""none\"" style=\""visibility: hidden; position: absolute; left: -9999px; overflow: hidden;\"" ><defs><filter id=\""wp-duotone-foreground-and-background\""><feColorMatrix color-interpolation-filters=\""sRGB\"" type=\""matrix\"" values=\"" .299 .587 .114 0 0 .299 .587 .114 0 0 .299 .587 .114 0 0 .299 .587 .114 0 0 \"" /><feComponentTransfer color-interpolation-filters=\""sRGB\"" ><feFuncR type=\""table\"" tableValues=\""0 1\"" /><feFuncG type=\""table\"" tableValues=\""0 1\"" /><feFuncB type=\""table\"" tableValues=\""0 1\"" /><feFuncA type=\""table\"" tableValues=\""1 1\"" /></feComponentTransfer><feComposite in2=\""SourceGraphic\"" operator=\""in\"" /></filter></defs></svg><svg xmlns=\""http://www.w3.org/2000/svg\"" viewBox=\""0 0 0 0\"" width=\""0\"" height=\""0\"" focusable=\""false\"" role=\""none\"" style=\""visibility: hidden; position: absolute; left: -9999px; overflow: hidden;\"" ><defs><filter id=\""wp-duotone-foreground-and-secondary\""><feColorMatrix color-interpolation-filters=\""sRGB\"" type=\""matrix\"" values=\"" .299 .587 .114 0 0 .299 .587 .114 0 0 .299 .587 .114 0 0 .299 .587 .114 0 0 \"" /><feComponentTransfer color-interpolation-filters=\""sRGB\"" ><feFuncR type=\""table\"" tableValues=\""0 1\"" /><feFuncG type=\""table\"" tableValues=\""0 0.88627450980392\"" /><feFuncB type=\""table\"" tableValues=\""0 0.78039215686275\"" /><feFuncA type=\""table\"" tableValues=\""1 1\"" /></feComponentTransfer><feComposite in2=\""SourceGraphic\"" operator=\""in\"" /></filter></defs></svg><svg xmlns=\""http://www.w3.org/2000/svg\"" viewBox=\""0 0 0 0\"" width=\""0\"" height=\""0\"" focusable=\""false\"" role=\""none\"" style=\""visibility: hidden; position: absolute; left: -9999px; overflow: hidden;\"" ><defs><filter id=\""wp-duotone-foreground-and-tertiary\""><feColorMatrix color-interpolation-filters=\""sRGB\"" type=\""matrix\"" values=\"" .299 .587 .114 0 0 .299 .587 .114 0 0 .299 .587 .114 0 0 .299 .587 .114 0 0 \"" /><feComponentTransfer color-interpolation-filters=\""sRGB\"" ><feFuncR type=\""table\"" tableValues=\""0 0.96470588235294\"" /><feFuncG type=\""table\"" tableValues=\""0 0.96470588235294\"" /><feFuncB type=\""table\"" tableValues=\""0 0.96470588235294\"" /><feFuncA type=\""table\"" tableValues=\""1 1\"" /></feComponentTransfer><feComposite in2=\""SourceGraphic\"" operator=\""in\"" /></filter></defs></svg><svg xmlns=\""http://www.w3.org/2000/svg\"" viewBox=\""0 0 0 0\"" width=\""0\"" height=\""0\"" focusable=\""false\"" role=\""none\"" style=\""visibility: hidden; position: absolute; left: -9999px; overflow: hidden;\"" ><defs><filter id=\""wp-duotone-primary-and-background\""><feColorMatrix color-interpolation-filters=\""sRGB\"" type=\""matrix\"" values=\"" .299 .587 .114 0 0 .299 .587 .114 0 0 .299 .587 .114 0 0 .299 .587 .114 0 0 \"" /><feComponentTransfer color-interpolation-filters=\""sRGB\"" ><feFuncR type=\""table\"" tableValues=\""0.10196078431373 1\"" /><feFuncG type=\""table\"" tableValues=\""0.27058823529412 1\"" /><feFuncB type=\""table\"" tableValues=\""0.28235294117647 1\"" /><feFuncA type=\""table\"" tableValues=\""1 1\"" /></feComponentTransfer><feComposite in2=\""SourceGraphic\"" operator=\""in\"" /></filter></defs></svg><svg xmlns=\""http://www.w3.org/2000/svg\"" viewBox=\""0 0 0 0\"" width=\""0\"" height=\""0\"" focusable=\""false\"" role=\""none\"" style=\""visibility: hidden; position: absolute; left: -9999px; overflow: hidden;\"" ><defs><filter id=\""wp-duotone-primary-and-secondary\""><feColorMatrix color-interpolation-filters=\""sRGB\"" type=\""matrix\"" values=\"" .299 .587 .114 0 0 .299 .587 .114 0 0 .299 .587 .114 0 0 .299 .587 .114 0 0 \"" /><feComponentTransfer color-interpolation-filters=\""sRGB\"" ><feFuncR type=\""table\"" tableValues=\""0.10196078431373 1\"" /><feFuncG type=\""table\"" tableValues=\""0.27058823529412 0.88627450980392\"" /><feFuncB type=\""table\"" tableValues=\""0.28235294117647 0.78039215686275\"" /><feFuncA type=\""table\"" tableValues=\""1 1\"" /></feComponentTransfer><feComposite in2=\""SourceGraphic\"" operator=\""in\"" /></filter></defs></svg><svg xmlns=\""http://www.w3.org/2000/svg\"" viewBox=\""0 0 0 0\"" width=\""0\"" height=\""0\"" focusable=\""false\"" role=\""none\"" style=\""visibility: hidden; position: absolute; left: -9999px; overflow: hidden;\"" ><defs><filter id=\""wp-duotone-primary-and-tertiary\""><feColorMatrix color-interpolation-filters=\""sRGB\"" type=\""matrix\"" values=\"" .299 .587 .114 0 0 .299 .587 .114 0 0 .299 .587 .114 0 0 .299 .587 .114 0 0 \"" /><feComponentTransfer color-interpolation-filters=\""sRGB\"" ><feFuncR type=\""table\"" tableValues=\""0.10196078431373 0.96470588235294\"" /><feFuncG type=\""table\"" tableValues=\""0.27058823529412 0.96470588235294\"" /><feFuncB type=\""table\"" tableValues=\""0.28235294117647 0.96470588235294\"" /><feFuncA type=\""table\"" tableValues=\""1 1\"" /></feComponentTransfer><feComposite in2=\""SourceGraphic\"" operator=\""in\"" /></filter></defs></svg>', 'no') ON DUPLICATE KEY UPDATE `option_name` = VALUES(`option_name`), `option_value` = VALUES(`option_value`), `autoload` = VALUES(`autoload`)"
"Oct 26, 2022 @ 03:01:19.426","38,564","2022-10-23T16:39:45.918092Z	    8 Quit	"
"Oct 26, 2022 @ 03:01:19.426","38,604","/usr/sbin/mysqld, Version: 8.0.30-0ubuntu0.22.04.1 ((Ubuntu)). started with:"
"Oct 26, 2022 @ 03:01:19.426","38,681",Tcp port: 3306  Unix socket: /var/run/mysqld/mysqld.sock
"Oct 26, 2022 @ 03:01:19.426","38,738",Time                 Id Command    Argument
"Oct 26, 2022 @ 03:01:19.426","38,782","2022-10-23T16:44:50.497618Z	    0 Execute	CREATE TABLE performance_schema.innodb_redo_log_files("
"Oct 26, 2022 @ 03:01:19.426","38,879","`FILE_ID` BIGINT NOT NULL COMMENT 'Id of the file.',"
"Oct 26, 2022 @ 03:01:19.426","38,932","`FILE_NAME` VARCHAR(2000) NOT NULL COMMENT 'Path to the file.',"
"Oct 26, 2022 @ 03:01:19.426","38,996","`START_LSN` BIGINT NOT NULL COMMENT 'LSN of the first block in the file.',"
"Oct 26, 2022 @ 03:01:19.426","39,071","`END_LSN` BIGINT NOT NULL COMMENT 'LSN after the last block in the file.',"
"Oct 26, 2022 @ 03:01:19.426","39,146","`SIZE_IN_BYTES` BIGINT NOT NULL COMMENT 'Size of the file (in bytes).',"
"Oct 26, 2022 @ 03:01:19.426","39,218","`IS_FULL` TINYINT NOT NULL COMMENT '1 iff file has no free space inside.',"
"Oct 26, 2022 @ 03:01:19.426","39,293","`CONSUMER_LEVEL` INT NOT NULL COMMENT 'All redo log consumers registered on smaller levels than this value, have already consumed this file.'"
"Oct 26, 2022 @ 03:01:19.426","39,435",)engine = 'performance_schema'
"Oct 26, 2022 @ 03:01:19.426","39,466","2022-10-23T16:44:54.008213Z	    8 Connect	dbAdmin@172.17.0.2 on  using TCP/IP"
